Id,userId,songId,rating
0,0,16004,21
1,0,7083,9
2,0,41593,22
3,0,4835,13
4,0,43658,27
5,0,9226,24
6,0,22681,22
7,0,46655,11
8,0,37065,12
9,0,27544,14
10,0,12340,9
11,0,47311,27
12,0,21681,14
13,0,4135,25
14,0,16779,2
15,0,2184,27
16,0,7344,9
17,0,58292,30
18,0,30023,1
19,0,46586,14
20,0,30388,12
21,0,25516,24
22,0,1530,22
23,0,7763,28
24,0,39271,21
25,0,34814,28
26,0,57120,3
27,0,17850,22
28,0,50619,6
29,0,39604,6
30,0,7012,19
31,0,35776,2
32,0,19987,29
33,0,48249,1
34,0,49957,28
35,0,50859,4
36,0,13304,1
37,0,27575,15
38,0,24087,9
39,0,11990,15
40,0,9469,25
41,0,28316,1
42,0,39170,28
43,0,23253,30
44,0,15528,29
45,0,58703,9
46,0,27417,25
47,0,51031,30
48,0,42695,6
49,0,49561,10
50,0,8967,28
51,0,56069,8
52,0,6694,12
53,0,22792,12
54,0,6342,5
55,0,18117,10
56,0,22617,9
57,0,39977,10
58,0,55963,9
59,0,1803,20
60,0,56350,30
61,0,50633,12
62,0,25375,29
63,0,29518,21
64,0,37498,3
65,0,46053,8
66,0,30133,14
67,0,42772,20
68,0,43625,24
69,0,31042,18
70,0,25250,13
71,0,18075,22
72,0,30168,1
73,0,32111,8
74,0,234,12
75,0,47915,3
76,0,49116,28
77,0,27036,20
78,0,24870,22
79,0,48329,8
80,0,13055,9
81,0,26334,17
82,0,40201,3
83,0,1585,30
84,0,1223,23
85,0,49278,28
86,0,54380,21
87,0,22666,7
88,0,8305,30
89,0,31669,8
90,0,32744,3
91,0,26481,9
92,0,24903,6
93,0,3376,10
94,0,13945,29
95,0,24794,14
96,0,40329,2
97,0,11983,20
98,0,38798,6
99,0,14540,26
100,1,22540,18
101,1,58694,29
102,1,53045,15
103,1,49716,12
104,1,43941,18
105,1,6946,22
106,1,57263,20
107,1,42557,15
108,1,58894,28
109,1,55785,26
110,1,37185,19
111,1,14126,29
112,1,6202,22
113,1,28244,10
114,1,40329,24
115,1,38927,14
116,1,23603,12
117,1,5498,14
118,1,20607,11
119,1,44245,7
120,1,19565,23
121,1,28001,8
122,1,3090,3
123,1,54269,15
124,1,32901,21
125,1,4386,29
126,1,41499,19
127,1,57240,4
128,1,48310,6
129,1,50592,14
130,1,33508,3
131,1,5070,3
132,1,47175,12
133,1,3391,16
134,1,27997,27
135,1,6414,27
136,1,27889,28
137,1,42252,1
138,1,54827,12
139,1,50419,7
140,1,51661,6
141,1,42104,12
142,1,6685,27
143,1,51800,6
144,1,5784,20
145,1,30796,27
146,1,50504,14
147,1,4457,25
148,1,45498,28
149,1,38152,7
150,1,29690,9
151,1,8532,14
152,1,50116,7
153,1,34714,20
154,1,48286,3
155,1,38759,18
156,1,39403,29
157,1,10316,14
158,1,15559,21
159,1,5282,10
160,1,52438,23
161,1,44806,4
162,1,16399,6
163,1,981,18
164,1,53931,28
165,1,20244,5
166,1,58192,28
167,1,31255,19
168,1,23334,26
169,1,44594,17
170,1,35399,6
171,1,27125,17
172,1,10366,17
173,1,37248,12
174,1,43784,19
175,1,52459,6
176,1,55908,28
177,1,18751,4
178,1,15134,29
179,1,34955,4
180,1,50873,6
181,1,31765,8
182,1,53241,23
183,1,6930,3
184,1,45472,1
185,1,3723,26
186,1,2121,16
187,1,30731,17
188,1,33889,9
189,1,31281,30
190,1,48556,18
191,1,34494,21
192,1,36795,5
193,1,29119,3
194,1,43956,27
195,1,41743,14
196,1,37268,7
197,1,46855,19
198,1,28965,22
199,1,53860,4
200,2,58248,3
201,2,3486,10
202,2,23726,1
203,2,12187,13
204,2,23659,24
205,2,26396,11
206,2,42274,25
207,2,8026,23
208,2,27116,19
209,2,3953,3
210,2,15517,30
211,2,52934,19
212,2,56456,26
213,2,17633,11
214,2,3290,15
215,2,32181,29
216,2,33299,14
217,2,48562,29
218,2,21306,2
219,2,7383,29
220,2,57460,26
221,2,27442,10
222,2,4321,27
223,2,58689,18
224,2,22760,4
225,2,33565,4
226,2,847,6
227,2,2882,12
228,2,46888,7
229,2,26424,11
230,2,26073,6
231,2,26285,21
232,2,14810,29
233,2,54263,8
234,2,39301,23
235,2,33035,1
236,2,43755,10
237,2,58452,30
238,2,12593,16
239,2,50002,11
240,2,27361,28
241,2,53970,12
242,2,53564,19
243,2,25042,15
244,2,50486,30
245,2,52717,16
246,2,6933,18
247,2,48917,28
248,2,32244,30
249,2,1313,25
250,2,21113,28
251,2,45527,30
252,2,41708,20
253,2,18915,25
254,2,1491,23
255,2,15854,12
256,2,5876,28
257,2,42927,24
258,2,26145,3
259,2,57694,15
260,2,29201,17
261,2,41662,5
262,2,41746,30
263,2,23293,8
264,2,27154,1
265,2,50657,8
266,2,26674,30
267,2,3916,26
268,2,32430,27
269,2,10034,14
270,2,46821,9
271,2,29687,10
272,2,46354,24
273,2,25386,16
274,2,18128,16
275,2,48234,19
276,2,49865,19
277,2,26339,24
278,2,3138,10
279,2,41451,9
280,2,19465,27
281,2,20716,25
282,2,11542,22
283,2,58108,15
284,2,22864,3
285,2,56275,12
286,2,35159,9
287,2,6513,18
288,2,15067,23
289,2,38008,22
290,2,58562,27
291,2,12616,27
292,2,48821,29
293,2,44762,4
294,2,36746,10
295,2,52778,14
296,2,20214,5
297,2,3580,17
298,2,6001,2
299,2,12579,13
300,3,27883,18
301,3,35297,5
302,3,31340,12
303,3,35592,1
304,3,19796,8
305,3,7446,15
306,3,4154,3
307,3,12798,23
308,3,2150,26
309,3,46539,7
310,3,40075,6
311,3,11230,10
312,3,2882,12
313,3,38181,20
314,3,2471,11
315,3,34978,6
316,3,7304,25
317,3,41100,5
318,3,28749,24
319,3,3741,14
320,3,34360,12
321,3,49066,4
322,3,7814,10
323,3,57414,4
324,3,35521,10
325,3,37345,2
326,3,46358,15
327,3,1798,14
328,3,24490,3
329,3,56980,21
330,3,21196,4
331,3,51500,2
332,3,49771,6
333,3,50457,20
334,3,45723,13
335,3,49585,29
336,3,8537,30
337,3,12598,2
338,3,56165,14
339,3,17217,9
340,3,12987,11
341,3,22129,8
342,3,59264,28
343,3,5090,4
344,3,57764,6
345,3,6285,25
346,3,33144,26
347,3,9583,23
348,3,9178,26
349,3,51402,19
350,3,14450,16
351,3,34953,21
352,3,14207,22
353,3,31446,18
354,3,43909,8
355,3,45615,19
356,3,40650,30
357,3,3949,30
358,3,28906,26
359,3,46286,26
360,3,18044,20
361,3,59275,28
362,3,38006,3
363,3,50423,25
364,3,39863,10
365,3,14176,14
366,3,18303,2
367,3,16261,10
368,3,55316,1
369,3,42914,15
370,3,17796,20
371,3,39887,19
372,3,17740,21
373,3,37965,5
374,3,3296,26
375,3,18068,10
376,3,56937,6
377,3,50059,23
378,3,7751,9
379,3,44742,24
380,3,54014,11
381,3,29819,14
382,3,14676,6
383,3,41005,4
384,3,33722,9
385,3,52392,4
386,3,58647,12
387,3,33201,12
388,3,14169,20
389,3,23323,7
390,3,40889,19
391,3,52943,29
392,3,57944,4
393,3,47823,19
394,3,34711,3
395,3,40536,4
396,3,5811,20
397,3,48235,26
398,3,55559,11
399,3,56219,12
400,4,18824,28
401,4,34724,7
402,4,29383,4
403,4,46047,22
404,4,44069,19
405,4,23833,25
406,4,15601,6
407,4,33160,5
408,4,49538,8
409,4,4722,3
410,4,43246,2
411,4,23600,15
412,4,19761,9
413,4,5502,16
414,4,33822,16
415,4,46444,16
416,4,53353,21
417,4,7809,1
418,4,12001,16
419,4,21449,8
420,4,33188,30
421,4,11362,10
422,4,12805,27
423,4,36959,13
424,4,19520,14
425,4,4975,25
426,4,4180,24
427,4,15339,8
428,4,32761,15
429,4,47509,5
430,4,5312,11
431,4,23029,22
432,4,46698,18
433,4,9882,24
434,4,2394,4
435,4,39204,7
436,4,38778,9
437,4,27289,10
438,4,38253,9
439,4,25723,17
440,4,31301,30
441,4,17799,3
442,4,31957,22
443,4,37345,28
444,4,16942,5
445,4,19982,5
446,4,26771,10
447,4,215,23
448,4,17308,23
449,4,54765,12
450,4,44590,1
451,4,34653,22
452,4,6703,28
453,4,52017,27
454,4,51162,30
455,4,47949,26
456,4,46711,26
457,4,1352,15
458,4,28937,30
459,4,53206,19
460,4,52982,29
461,4,7651,22
462,4,39436,18
463,4,9138,15
464,4,7633,10
465,4,14682,6
466,4,19285,12
467,4,24394,22
468,4,3959,4
469,4,45989,23
470,4,8441,14
471,4,28253,30
472,4,28893,9
473,4,6431,20
474,4,41412,16
475,4,30675,29
476,4,28474,1
477,4,36246,7
478,4,29078,9
479,4,14257,21
480,4,37244,23
481,4,28071,20
482,4,32435,19
483,4,45338,30
484,4,32103,10
485,4,636,29
486,4,40204,28
487,4,41720,11
488,4,55307,2
489,4,42344,20
490,4,53121,5
491,4,673,22
492,4,8827,15
493,4,19994,27
494,4,15021,11
495,4,33226,28
496,4,50989,17
497,4,38560,30
498,4,11751,28
499,4,27260,1
500,5,38877,30
501,5,40381,12
502,5,774,8
503,5,2980,10
504,5,23151,13
505,5,14979,25
506,5,13466,29
507,5,43687,5
508,5,48793,15
509,5,52296,3
510,5,49511,16
511,5,48172,26
512,5,32880,26
513,5,23193,15
514,5,45587,11
515,5,16055,24
516,5,17186,19
517,5,37954,3
518,5,44126,16
519,5,27038,5
520,5,48324,27
521,5,15044,19
522,5,1590,23
523,5,16125,29
524,5,29825,30
525,5,29067,10
526,5,20462,10
527,5,21053,26
528,5,47336,20
529,5,28897,1
530,5,15767,29
531,5,52950,18
532,5,25944,14
533,5,28038,14
534,5,7546,6
535,5,6739,6
536,5,2184,17
537,5,54079,7
538,5,3184,28
539,5,45227,25
540,5,11850,26
541,5,17865,12
542,5,55216,18
543,5,42992,6
544,5,52626,3
545,5,58519,22
546,5,4833,6
547,5,14535,5
548,5,54242,5
549,5,47185,12
550,5,12093,22
551,5,48887,12
552,5,4654,13
553,5,18328,8
554,5,53711,9
555,5,29988,10
556,5,49969,4
557,5,54120,13
558,5,26554,8
559,5,16340,28
560,5,19969,17
561,5,55236,8
562,5,46096,23
563,5,17196,2
564,5,6187,24
565,5,26548,5
566,5,27540,10
567,5,21086,2
568,5,26366,18
569,5,48964,14
570,5,16191,15
571,5,15033,3
572,5,39293,1
573,5,42326,2
574,5,8224,9
575,5,55228,4
576,5,49504,2
577,5,9471,9
578,5,10098,28
579,5,15412,4
580,5,1705,2
581,5,49680,4
582,5,45565,17
583,5,47673,2
584,5,50825,17
585,5,3449,11
586,5,28740,30
587,5,33960,29
588,5,22940,23
589,5,16586,8
590,5,24640,21
591,5,36535,5
592,5,43598,21
593,5,33301,28
594,5,24266,3
595,5,28687,2
596,5,20096,11
597,5,15519,18
598,5,29090,25
599,5,26427,3
600,6,24217,3
601,6,34428,16
602,6,26146,3
603,6,22224,9
604,6,8725,24
605,6,32927,4
606,6,52212,27
607,6,4461,5
608,6,16510,11
609,6,16256,13
610,6,39388,18
611,6,12716,10
612,6,34227,13
613,6,41336,29
614,6,4822,11
615,6,51142,13
616,6,47734,18
617,6,34888,29
618,6,48321,8
619,6,52305,10
620,6,10572,2
621,6,52,17
622,6,26494,11
623,6,30560,12
624,6,44609,2
625,6,6344,15
626,6,27299,4
627,6,20109,24
628,6,24820,23
629,6,40656,8
630,6,56335,1
631,6,4573,16
632,6,36785,15
633,6,32162,30
634,6,5591,1
635,6,28407,3
636,6,16196,15
637,6,58641,23
638,6,53994,9
639,6,54795,29
640,6,47945,27
641,6,59505,17
642,6,18950,24
643,6,57653,20
644,6,39070,8
645,6,47467,8
646,6,13089,2
647,6,28754,13
648,6,1890,1
649,6,24076,26
650,6,56587,25
651,6,37585,5
652,6,23617,14
653,6,26797,12
654,6,39458,15
655,6,28153,18
656,6,51452,28
657,6,29217,17
658,6,36009,17
659,6,39303,12
660,6,32774,7
661,6,55014,23
662,6,9103,30
663,6,35982,16
664,6,7446,5
665,6,46799,23
666,6,32319,19
667,6,6721,14
668,6,12137,20
669,6,17827,2
670,6,59193,8
671,6,14262,30
672,6,42340,11
673,6,2667,24
674,6,40166,29
675,6,58710,30
676,6,39544,26
677,6,47546,18
678,6,7530,14
679,6,18077,13
680,6,1156,23
681,6,5321,10
682,6,25931,12
683,6,21367,15
684,6,13290,5
685,6,34649,16
686,6,25232,27
687,6,49572,27
688,6,8539,15
689,6,9478,18
690,6,12563,27
691,6,17974,5
692,6,1732,27
693,6,36262,8
694,6,46956,4
695,6,42286,11
696,6,9048,5
697,6,11906,14
698,6,49237,4
699,6,42733,3
700,7,48332,7
701,7,45399,30
702,7,43860,13
703,7,16003,19
704,7,1114,21
705,7,50146,27
706,7,48229,22
707,7,38451,18
708,7,54843,3
709,7,46569,21
710,7,2256,3
711,7,2280,25
712,7,36442,11
713,7,11785,21
714,7,21127,18
715,7,38367,29
716,7,54531,27
717,7,7025,2
718,7,29852,3
719,7,53314,1
720,7,26565,26
721,7,1168,4
722,7,16892,2
723,7,32691,8
724,7,55534,6
725,7,27804,30
726,7,14459,11
727,7,51114,4
728,7,15363,29
729,7,14586,24
730,7,32959,26
731,7,27502,9
732,7,34911,14
733,7,49285,27
734,7,55587,16
735,7,14523,2
736,7,19927,19
737,7,34377,23
738,7,33196,27
739,7,16880,30
740,7,33313,12
741,7,28688,7
742,7,57101,16
743,7,443,25
744,7,56848,14
745,7,54357,4
746,7,55326,25
747,7,57324,18
748,7,55192,14
749,7,16161,24
750,7,20758,4
751,7,1251,2
752,7,30123,8
753,7,9217,22
754,7,11129,13
755,7,22811,12
756,7,16216,21
757,7,40708,23
758,7,50250,27
759,7,53998,27
760,7,17148,16
761,7,4326,11
762,7,46327,14
763,7,12710,14
764,7,44132,6
765,7,37567,28
766,7,34268,2
767,7,38138,26
768,7,11817,29
769,7,19239,25
770,7,35192,24
771,7,25733,28
772,7,38515,13
773,7,52313,12
774,7,12279,30
775,7,34601,30
776,7,33919,11
777,7,30117,15
778,7,30360,18
779,7,36173,20
780,7,56333,29
781,7,21869,17
782,7,26846,5
783,7,16862,13
784,7,38175,24
785,7,41032,9
786,7,35808,12
787,7,14389,8
788,7,8448,16
789,7,53760,30
790,7,13748,23
791,7,43501,5
792,7,58768,8
793,7,3275,13
794,7,21927,29
795,7,30327,18
796,7,31915,1
797,7,38365,6
798,7,3554,13
799,7,27089,29
800,8,44360,2
801,8,35772,13
802,8,15695,18
803,8,33932,9
804,8,25083,24
805,8,42152,17
806,8,7751,26
807,8,39650,6
808,8,46888,23
809,8,5383,11
810,8,44819,3
811,8,42962,4
812,8,1871,11
813,8,55268,6
814,8,42304,7
815,8,22089,26
816,8,21275,10
817,8,23142,27
818,8,22541,28
819,8,31911,10
820,8,26809,29
821,8,21828,30
822,8,43475,12
823,8,279,23
824,8,12374,19
825,8,23588,5
826,8,16347,25
827,8,21305,8
828,8,23569,12
829,8,19015,18
830,8,1124,26
831,8,37674,20
832,8,3787,7
833,8,26384,17
834,8,8113,11
835,8,12375,8
836,8,57776,26
837,8,40503,25
838,8,10578,14
839,8,59544,9
840,8,28278,17
841,8,30107,19
842,8,54364,25
843,8,38622,24
844,8,46910,13
845,8,27761,27
846,8,14920,14
847,8,111,28
848,8,7020,29
849,8,30134,8
850,8,27490,30
851,8,45671,11
852,8,42130,26
853,8,20101,21
854,8,4960,5
855,8,55984,6
856,8,53782,11
857,8,49550,2
858,8,37451,19
859,8,42215,17
860,8,55165,6
861,8,6239,3
862,8,31254,3
863,8,12303,4
864,8,26597,29
865,8,10180,12
866,8,5383,8
867,8,13307,13
868,8,20089,15
869,8,55754,18
870,8,57144,12
871,8,1928,5
872,8,19393,29
873,8,7951,14
874,8,9293,18
875,8,37508,28
876,8,27465,10
877,8,15703,29
878,8,55966,6
879,8,50188,27
880,8,26814,23
881,8,47341,4
882,8,54862,11
883,8,52697,10
884,8,53310,15
885,8,32471,30
886,8,12841,4
887,8,9899,1
888,8,13695,10
889,8,59317,19
890,8,53309,30
891,8,21908,6
892,8,36167,20
893,8,59491,4
894,8,39176,1
895,8,41477,22
896,8,4111,8
897,8,54439,9
898,8,2984,11
899,8,28594,8
900,9,36907,6
901,9,27728,8
902,9,32852,1
903,9,18294,1
904,9,36222,5
905,9,37933,12
906,9,45064,29
907,9,37279,20
908,9,18687,12
909,9,41137,19
910,9,14807,25
911,9,698,23
912,9,7669,15
913,9,52925,14
914,9,53689,22
915,9,17720,1
916,9,49767,15
917,9,12923,5
918,9,10435,15
919,9,31707,18
920,9,42198,1
921,9,19029,28
922,9,26694,20
923,9,42727,29
924,9,42309,7
925,9,19267,23
926,9,44623,11
927,9,52913,14
928,9,36105,27
929,9,26918,10
930,9,37126,17
931,9,678,23
932,9,27076,23
933,9,24933,8
934,9,57931,4
935,9,18324,10
936,9,7267,10
937,9,1231,14
938,9,15729,16
939,9,48455,27
940,9,37209,24
941,9,57135,22
942,9,35633,27
943,9,27967,8
944,9,33822,28
945,9,7069,24
946,9,55601,3
947,9,58258,21
948,9,33950,22
949,9,6311,11
950,9,10609,9
951,9,27112,22
952,9,1190,30
953,9,18335,21
954,9,5179,20
955,9,55667,3
956,9,50439,29
957,9,24497,28
958,9,55840,25
959,9,4847,22
960,9,58123,15
961,9,31204,6
962,9,21631,26
963,9,49020,20
964,9,19049,1
965,9,8063,19
966,9,32469,8
967,9,29879,10
968,9,3742,15
969,9,4434,6
970,9,57361,25
971,9,30288,16
972,9,49280,15
973,9,40039,13
974,9,28559,18
975,9,28800,4
976,9,51252,17
977,9,12764,8
978,9,10586,7
979,9,24754,14
980,9,7685,24
981,9,48862,1
982,9,50620,2
983,9,43871,19
984,9,12462,28
985,9,14652,14
986,9,44296,23
987,9,41212,16
988,9,56545,23
989,9,20335,13
990,9,39787,6
991,9,15810,15
992,9,36985,1
993,9,10485,17
994,9,30186,24
995,9,41286,17
996,9,12421,8
997,9,46371,24
998,9,53327,13
999,9,8406,18
1000,10,53361,10
1001,10,13490,1
1002,10,44702,15
1003,10,50680,4
1004,10,53009,4
1005,10,48300,20
1006,10,38085,28
1007,10,8848,16
1008,10,16814,12
1009,10,57573,16
1010,10,28210,7
1011,10,27696,25
1012,10,6678,27
1013,10,12444,3
1014,10,27479,30
1015,10,24201,26
1016,10,52338,24
1017,10,41884,21
1018,10,3480,3
1019,10,12886,6
1020,10,58479,23
1021,10,40649,6
1022,10,24546,24
1023,10,18582,22
1024,10,3330,26
1025,10,36573,19
1026,10,43964,12
1027,10,28990,4
1028,10,42886,29
1029,10,10900,17
1030,10,47193,10
1031,10,19317,23
1032,10,10277,24
1033,10,44467,11
1034,10,31671,6
1035,10,27190,13
1036,10,4676,10
1037,10,18543,27
1038,10,4948,3
1039,10,24123,4
1040,10,39625,9
1041,10,53075,12
1042,10,17579,15
1043,10,34002,19
1044,10,32804,22
1045,10,200,26
1046,10,10276,4
1047,10,9461,22
1048,10,50514,9
1049,10,21655,1
1050,10,47103,22
1051,10,42127,9
1052,10,51640,21
1053,10,16611,3
1054,10,3624,13
1055,10,26849,12
1056,10,24408,11
1057,10,12405,19
1058,10,3745,18
1059,10,37597,30
1060,10,48161,18
1061,10,49811,28
1062,10,8795,15
1063,10,21815,30
1064,10,53309,23
1065,10,7089,24
1066,10,41982,15
1067,10,59543,2
1068,10,23923,18
1069,10,43959,18
1070,10,27150,28
1071,10,26793,2
1072,10,26370,8
1073,10,59248,27
1074,10,8341,14
1075,10,55787,26
1076,10,32195,22
1077,10,38068,30
1078,10,20381,28
1079,10,52213,28
1080,10,36602,22
1081,10,45418,7
1082,10,37381,29
1083,10,35297,12
1084,10,50182,18
1085,10,3590,20
1086,10,1100,16
1087,10,1442,2
1088,10,23804,25
1089,10,1994,17
1090,10,31117,22
1091,10,13098,5
1092,10,36598,10
1093,10,18771,9
1094,10,5837,8
1095,10,7492,9
1096,10,21143,14
1097,10,21876,21
1098,10,27665,1
1099,10,54569,6
1100,11,44916,25
1101,11,5964,29
1102,11,56968,14
1103,11,26554,17
1104,11,56820,2
1105,11,38158,9
1106,11,56604,23
1107,11,27143,14
1108,11,18750,5
1109,11,40820,12
1110,11,12974,6
1111,11,285,19
1112,11,46899,13
1113,11,28005,13
1114,11,247,13
1115,11,51596,30
1116,11,12363,14
1117,11,35351,23
1118,11,49653,19
1119,11,20488,6
1120,11,21383,8
1121,11,5571,19
1122,11,52722,15
1123,11,7506,24
1124,11,30601,18
1125,11,52914,8
1126,11,29233,27
1127,11,7111,21
1128,11,28083,12
1129,11,54436,25
1130,11,36600,15
1131,11,40605,12
1132,11,45641,1
1133,11,9419,10
1134,11,20000,12
1135,11,16078,14
1136,11,47090,11
1137,11,12536,29
1138,11,11746,21
1139,11,57935,7
1140,11,12975,2
1141,11,50268,10
1142,11,17379,15
1143,11,5172,15
1144,11,17453,30
1145,11,52431,17
1146,11,28670,10
1147,11,26886,14
1148,11,28630,17
1149,11,31979,14
1150,11,15456,8
1151,11,7817,11
1152,11,17319,26
1153,11,6166,28
1154,11,30116,9
1155,11,19663,6
1156,11,45954,8
1157,11,38699,24
1158,11,31238,2
1159,11,2212,20
1160,11,40999,1
1161,11,17081,23
1162,11,51135,6
1163,11,38675,14
1164,11,52872,25
1165,11,20152,17
1166,11,57980,26
1167,11,872,10
1168,11,5046,11
1169,11,19605,24
1170,11,35464,27
1171,11,56917,10
1172,11,41002,18
1173,11,34564,18
1174,11,51455,4
1175,11,49,28
1176,11,8141,27
1177,11,49151,9
1178,11,16629,17
1179,11,10826,19
1180,11,40302,8
1181,11,2284,19
1182,11,37421,16
1183,11,28977,8
1184,11,52170,9
1185,11,8261,28
1186,11,27914,29
1187,11,43948,12
1188,11,6410,30
1189,11,18685,11
1190,11,52686,13
1191,11,36127,1
1192,11,14975,6
1193,11,44399,2
1194,11,54547,9
1195,11,21368,27
1196,11,49536,17
1197,11,50698,10
1198,11,2538,9
1199,11,9009,11
1200,12,34804,25
1201,12,13442,3
1202,12,9302,11
1203,12,25941,18
1204,12,47107,6
1205,12,25697,12
1206,12,50960,15
1207,12,14809,5
1208,12,48876,8
1209,12,17328,15
1210,12,12883,20
1211,12,42446,28
1212,12,3662,24
1213,12,21662,3
1214,12,18291,2
1215,12,35175,15
1216,12,15720,13
1217,12,37511,10
1218,12,24697,6
1219,12,9630,5
1220,12,9406,20
1221,12,52213,16
1222,12,12773,13
1223,12,10448,4
1224,12,14606,26
1225,12,29419,17
1226,12,43882,15
1227,12,34816,28
1228,12,47987,4
1229,12,41393,29
1230,12,33898,10
1231,12,6025,15
1232,12,7795,16
1233,12,52823,9
1234,12,30329,8
1235,12,7024,4
1236,12,8659,15
1237,12,53731,6
1238,12,37920,19
1239,12,3797,3
1240,12,55981,23
1241,12,41706,2
1242,12,10620,6
1243,12,43823,6
1244,12,57844,7
1245,12,18008,19
1246,12,34252,23
1247,12,41170,10
1248,12,43636,25
1249,12,5850,24
1250,12,33310,3
1251,12,42609,5
1252,12,26579,16
1253,12,44817,19
1254,12,47199,22
1255,12,58409,4
1256,12,10088,21
1257,12,41795,10
1258,12,21417,7
1259,12,19915,16
1260,12,22902,5
1261,12,14603,11
1262,12,16694,6
1263,12,56519,20
1264,12,32043,7
1265,12,39206,21
1266,12,46156,6
1267,12,40851,9
1268,12,34453,7
1269,12,49462,29
1270,12,1362,18
1271,12,57215,21
1272,12,54029,25
1273,12,45510,16
1274,12,43417,6
1275,12,53389,1
1276,12,58832,26
1277,12,18153,16
1278,12,27012,9
1279,12,47093,16
1280,12,11404,2
1281,12,53221,15
1282,12,13321,3
1283,12,36798,27
1284,12,31575,6
1285,12,18231,13
1286,12,37810,3
1287,12,51409,28
1288,12,28592,29
1289,12,3902,26
1290,12,15360,9
1291,12,28116,5
1292,12,49971,24
1293,12,38042,7
1294,12,55588,1
1295,12,2885,6
1296,12,34799,13
1297,12,13351,11
1298,12,46891,3
1299,12,48433,29
1300,13,36136,1
1301,13,36950,25
1302,13,597,28
1303,13,1596,7
1304,13,43241,23
1305,13,447,10
1306,13,4999,12
1307,13,24402,17
1308,13,31134,12
1309,13,14001,26
1310,13,15985,27
1311,13,53962,29
1312,13,8540,15
1313,13,33284,25
1314,13,45076,6
1315,13,45949,19
1316,13,56234,6
1317,13,38710,7
1318,13,44251,7
1319,13,27798,20
1320,13,40556,19
1321,13,34222,15
1322,13,43355,3
1323,13,7015,7
1324,13,5036,12
1325,13,49874,22
1326,13,50587,30
1327,13,11854,30
1328,13,26320,25
1329,13,35319,28
1330,13,11686,10
1331,13,4455,23
1332,13,3545,2
1333,13,53598,20
1334,13,30036,29
1335,13,44886,5
1336,13,58264,9
1337,13,4406,18
1338,13,13799,29
1339,13,5873,24
1340,13,32787,5
1341,13,1415,27
1342,13,49406,13
1343,13,24229,25
1344,13,18983,4
1345,13,55712,4
1346,13,3664,14
1347,13,25929,8
1348,13,35377,11
1349,13,44973,4
1350,13,56228,18
1351,13,24388,7
1352,13,44480,11
1353,13,1429,25
1354,13,25749,6
1355,13,18986,6
1356,13,45787,23
1357,13,13546,11
1358,13,47345,27
1359,13,28462,25
1360,13,47779,22
1361,13,36915,25
1362,13,40203,16
1363,13,54950,20
1364,13,18452,3
1365,13,8704,21
1366,13,35894,20
1367,13,48764,28
1368,13,56003,10
1369,13,50122,29
1370,13,16057,15
1371,13,51517,23
1372,13,25192,16
1373,13,38212,1
1374,13,13040,21
1375,13,47445,18
1376,13,33022,16
1377,13,31011,10
1378,13,8768,6
1379,13,26978,7
1380,13,22183,24
1381,13,26675,22
1382,13,13836,18
1383,13,54761,26
1384,13,31996,8
1385,13,37976,15
1386,13,30894,7
1387,13,15463,21
1388,13,45211,28
1389,13,51388,19
1390,13,52270,18
1391,13,10820,28
1392,13,43014,12
1393,13,20068,15
1394,13,2124,14
1395,13,12940,17
1396,13,53935,17
1397,13,37953,10
1398,13,26942,6
1399,13,26121,2
1400,14,49514,15
1401,14,12630,21
1402,14,7106,13
1403,14,51997,12
1404,14,10943,11
1405,14,53833,16
1406,14,27398,5
1407,14,32549,8
1408,14,8543,20
1409,14,38684,19
1410,14,56848,13
1411,14,9709,15
1412,14,23429,8
1413,14,55717,19
1414,14,37864,8
1415,14,49750,8
1416,14,46592,18
1417,14,37555,19
1418,14,12198,9
1419,14,530,4
1420,14,37769,23
1421,14,51074,5
1422,14,11635,21
1423,14,14820,16
1424,14,25072,13
1425,14,16155,15
1426,14,18798,24
1427,14,3851,7
1428,14,29922,26
1429,14,16360,18
1430,14,34463,21
1431,14,41524,23
1432,14,28438,11
1433,14,18879,13
1434,14,26318,14
1435,14,34286,4
1436,14,3240,7
1437,14,46685,20
1438,14,47307,11
1439,14,25466,27
1440,14,2705,19
1441,14,8491,8
1442,14,232,16
1443,14,40738,6
1444,14,17423,21
1445,14,10052,1
1446,14,22522,28
1447,14,3089,9
1448,14,40090,29
1449,14,27942,3
1450,14,23532,5
1451,14,13461,1
1452,14,30476,13
1453,14,15922,5
1454,14,50362,16
1455,14,8242,12
1456,14,18796,17
1457,14,7354,12
1458,14,237,19
1459,14,56731,20
1460,14,13537,12
1461,14,55365,9
1462,14,29300,7
1463,14,32661,16
1464,14,29314,11
1465,14,17440,8
1466,14,8229,29
1467,14,7063,12
1468,14,9334,18
1469,14,8145,18
1470,14,7075,29
1471,14,7856,22
1472,14,12759,9
1473,14,41902,14
1474,14,23461,2
1475,14,16324,13
1476,14,12426,23
1477,14,20503,14
1478,14,4642,22
1479,14,30875,17
1480,14,26292,3
1481,14,24059,12
1482,14,19281,19
1483,14,132,7
1484,14,57004,23
1485,14,53137,9
1486,14,56731,7
1487,14,7187,30
1488,14,29824,2
1489,14,22234,6
1490,14,37778,8
1491,14,40651,2
1492,14,2821,18
1493,14,45964,1
1494,14,25416,1
1495,14,36332,24
1496,14,22382,4
1497,14,31665,21
1498,14,21369,25
1499,14,37580,4
1500,15,48054,15
1501,15,4416,1
1502,15,40007,16
1503,15,19371,15
1504,15,53386,7
1505,15,27952,23
1506,15,32016,1
1507,15,59211,10
1508,15,7715,11
1509,15,36892,23
1510,15,52070,22
1511,15,23843,18
1512,15,40824,22
1513,15,13909,13
1514,15,34704,15
1515,15,1367,11
1516,15,19364,20
1517,15,43092,23
1518,15,1780,17
1519,15,9686,3
1520,15,42829,28
1521,15,24679,23
1522,15,56986,24
1523,15,40635,10
1524,15,41081,30
1525,15,11264,22
1526,15,23141,7
1527,15,52975,15
1528,15,30154,21
1529,15,19092,3
1530,15,24134,22
1531,15,36363,17
1532,15,9942,3
1533,15,26924,19
1534,15,49130,21
1535,15,23523,10
1536,15,5198,9
1537,15,46685,28
1538,15,2643,9
1539,15,22949,1
1540,15,36486,13
1541,15,36508,27
1542,15,12768,14
1543,15,32148,7
1544,15,31343,24
1545,15,10931,23
1546,15,13806,5
1547,15,13124,29
1548,15,56165,28
1549,15,36150,21
1550,15,3158,4
1551,15,56793,8
1552,15,21678,20
1553,15,29257,6
1554,15,26228,20
1555,15,42032,5
1556,15,25796,24
1557,15,4988,29
1558,15,34721,30
1559,15,49795,2
1560,15,29959,29
1561,15,36256,10
1562,15,37081,12
1563,15,28498,10
1564,15,5060,2
1565,15,39644,20
1566,15,4321,23
1567,15,30587,1
1568,15,40619,24
1569,15,11724,7
1570,15,47707,25
1571,15,49106,26
1572,15,40804,9
1573,15,14119,26
1574,15,18237,28
1575,15,50035,19
1576,15,41328,7
1577,15,57801,4
1578,15,47599,23
1579,15,4519,11
1580,15,11758,11
1581,15,24993,21
1582,15,39598,4
1583,15,43677,6
1584,15,56904,11
1585,15,50954,3
1586,15,22599,13
1587,15,13576,14
1588,15,51994,19
1589,15,41745,2
1590,15,2519,24
1591,15,48994,12
1592,15,20093,2
1593,15,17217,28
1594,15,54325,16
1595,15,23347,11
1596,15,45882,6
1597,15,42450,29
1598,15,49125,17
1599,15,41208,3
1600,16,21845,28
1601,16,50816,22
1602,16,54634,4
1603,16,43486,4
1604,16,13418,20
1605,16,1017,21
1606,16,31288,15
1607,16,10273,4
1608,16,9872,24
1609,16,55022,9
1610,16,36270,14
1611,16,22152,15
1612,16,38717,3
1613,16,32428,6
1614,16,45358,3
1615,16,42296,10
1616,16,1777,26
1617,16,21089,13
1618,16,13297,20
1619,16,31001,19
1620,16,5135,12
1621,16,30242,7
1622,16,21039,11
1623,16,46991,13
1624,16,26697,13
1625,16,38196,26
1626,16,31536,5
1627,16,26513,8
1628,16,46269,28
1629,16,10038,30
1630,16,52711,30
1631,16,31454,27
1632,16,23191,25
1633,16,16300,20
1634,16,17261,22
1635,16,36405,2
1636,16,3763,3
1637,16,34923,30
1638,16,2265,15
1639,16,10956,22
1640,16,29631,3
1641,16,40618,23
1642,16,32219,24
1643,16,30198,7
1644,16,9544,6
1645,16,44080,30
1646,16,51175,28
1647,16,59202,19
1648,16,28611,25
1649,16,31626,5
1650,16,2561,18
1651,16,38838,7
1652,16,53040,12
1653,16,15712,14
1654,16,28116,5
1655,16,12099,15
1656,16,43119,3
1657,16,36388,21
1658,16,45509,8
1659,16,19774,14
1660,16,10640,22
1661,16,6904,21
1662,16,17520,9
1663,16,47725,27
1664,16,31789,14
1665,16,27848,30
1666,16,52417,13
1667,16,51693,10
1668,16,3075,14
1669,16,29757,29
1670,16,33477,21
1671,16,45936,27
1672,16,11965,14
1673,16,32471,17
1674,16,48950,28
1675,16,41426,20
1676,16,17149,16
1677,16,55499,1
1678,16,11441,6
1679,16,53879,10
1680,16,6017,18
1681,16,29565,27
1682,16,16828,15
1683,16,48360,27
1684,16,39748,14
1685,16,33714,14
1686,16,16615,25
1687,16,46264,29
1688,16,21113,11
1689,16,26261,13
1690,16,10519,2
1691,16,26982,6
1692,16,50855,4
1693,16,58293,30
1694,16,31534,1
1695,16,16460,1
1696,16,3760,12
1697,16,15642,2
1698,16,54117,25
1699,16,22125,13
1700,17,29063,9
1701,17,1185,4
1702,17,40877,20
1703,17,7988,24
1704,17,19331,16
1705,17,29358,4
1706,17,33089,28
1707,17,36803,25
1708,17,326,24
1709,17,56489,29
1710,17,58405,13
1711,17,55687,10
1712,17,48457,10
1713,17,37327,5
1714,17,8988,9
1715,17,10073,18
1716,17,30283,9
1717,17,12267,4
1718,17,11833,23
1719,17,42578,18
1720,17,12486,10
1721,17,3853,13
1722,17,39645,7
1723,17,35226,11
1724,17,32159,10
1725,17,30033,23
1726,17,30238,19
1727,17,31131,24
1728,17,28629,10
1729,17,53820,22
1730,17,26554,30
1731,17,34993,22
1732,17,34850,17
1733,17,46512,2
1734,17,37411,20
1735,17,5311,15
1736,17,9079,30
1737,17,12587,2
1738,17,4321,17
1739,17,51457,28
1740,17,54189,15
1741,17,45955,27
1742,17,31579,6
1743,17,30696,20
1744,17,46103,3
1745,17,18745,8
1746,17,51177,24
1747,17,16398,12
1748,17,23673,10
1749,17,43658,4
1750,17,7484,14
1751,17,5972,1
1752,17,27310,1
1753,17,53381,18
1754,17,13894,10
1755,17,2916,11
1756,17,30409,9
1757,17,24239,27
1758,17,41932,22
1759,17,6538,29
1760,17,16847,9
1761,17,6564,4
1762,17,7964,1
1763,17,14122,27
1764,17,49948,23
1765,17,45207,6
1766,17,21243,15
1767,17,26369,19
1768,17,14050,25
1769,17,27181,2
1770,17,54445,2
1771,17,11317,9
1772,17,9295,1
1773,17,38657,9
1774,17,55640,10
1775,17,26538,15
1776,17,43467,8
1777,17,4141,27
1778,17,49676,14
1779,17,4294,17
1780,17,36247,19
1781,17,15468,15
1782,17,57225,7
1783,17,41158,8
1784,17,59177,7
1785,17,8358,24
1786,17,2687,27
1787,17,15727,24
1788,17,42911,6
1789,17,16207,22
1790,17,4264,18
1791,17,56521,25
1792,17,31639,3
1793,17,38970,21
1794,17,58730,16
1795,17,44776,8
1796,17,33472,3
1797,17,28425,20
1798,17,46615,8
1799,17,32345,16
1800,18,44604,7
1801,18,32202,18
1802,18,44988,21
1803,18,16171,7
1804,18,55481,14
1805,18,8377,9
1806,18,13641,24
1807,18,27204,18
1808,18,34633,20
1809,18,15351,2
1810,18,58117,18
1811,18,37923,26
1812,18,27501,1
1813,18,17431,25
1814,18,41109,21
1815,18,51018,26
1816,18,30400,22
1817,18,25457,14
1818,18,50114,9
1819,18,43775,22
1820,18,2459,10
1821,18,35555,6
1822,18,41953,19
1823,18,51062,23
1824,18,8810,16
1825,18,55948,28
1826,18,38568,22
1827,18,56705,30
1828,18,52556,5
1829,18,24452,17
1830,18,15763,18
1831,18,36430,24
1832,18,2811,8
1833,18,42350,17
1834,18,46916,22
1835,18,49983,21
1836,18,7725,30
1837,18,55414,2
1838,18,6506,1
1839,18,33817,23
1840,18,46179,7
1841,18,53712,28
1842,18,37729,1
1843,18,6741,18
1844,18,39052,1
1845,18,46307,19
1846,18,58626,13
1847,18,10690,26
1848,18,20058,22
1849,18,16394,5
1850,18,40725,18
1851,18,4458,20
1852,18,49066,5
1853,18,18073,24
1854,18,37133,9
1855,18,24759,25
1856,18,49926,1
1857,18,35521,30
1858,18,2595,3
1859,18,56160,5
1860,18,52081,11
1861,18,26194,29
1862,18,58040,17
1863,18,13173,9
1864,18,49029,10
1865,18,8533,27
1866,18,10158,18
1867,18,32203,17
1868,18,55290,1
1869,18,496,20
1870,18,3965,20
1871,18,54093,8
1872,18,9553,4
1873,18,15430,26
1874,18,13333,9
1875,18,11670,12
1876,18,5290,2
1877,18,55699,22
1878,18,7747,21
1879,18,47545,24
1880,18,29376,23
1881,18,36454,13
1882,18,46443,4
1883,18,55809,9
1884,18,2853,13
1885,18,53883,27
1886,18,18742,5
1887,18,3197,15
1888,18,49414,26
1889,18,36404,3
1890,18,6161,15
1891,18,36883,3
1892,18,19023,9
1893,18,13626,28
1894,18,17192,17
1895,18,24576,30
1896,18,55963,5
1897,18,7960,3
1898,18,29396,20
1899,18,30006,29
1900,19,38153,30
1901,19,47056,4
1902,19,4164,30
1903,19,44433,26
1904,19,11811,1
1905,19,2304,30
1906,19,2697,13
1907,19,44986,5
1908,19,56943,9
1909,19,36931,13
1910,19,29685,10
1911,19,54655,16
1912,19,43995,26
1913,19,3907,1
1914,19,1015,21
1915,19,18167,15
1916,19,17531,5
1917,19,713,10
1918,19,13675,25
1919,19,30355,14
1920,19,58507,11
1921,19,20129,15
1922,19,23820,1
1923,19,14686,12
1924,19,12748,5
1925,19,59328,17
1926,19,7619,1
1927,19,1133,3
1928,19,56267,13
1929,19,4022,29
1930,19,39374,10
1931,19,31545,16
1932,19,11120,30
1933,19,57728,22
1934,19,44434,18
1935,19,14026,16
1936,19,33345,21
1937,19,17772,24
1938,19,1322,21
1939,19,20768,9
1940,19,26900,30
1941,19,31386,30
1942,19,1109,13
1943,19,32929,2
1944,19,50650,29
1945,19,11748,16
1946,19,3491,21
1947,19,13837,15
1948,19,58559,18
1949,19,40755,20
1950,19,47602,19
1951,19,37332,9
1952,19,27127,26
1953,19,41353,1
1954,19,26145,12
1955,19,27705,6
1956,19,30159,21
1957,19,25393,28
1958,19,25084,1
1959,19,41811,23
1960,19,34728,1
1961,19,35664,30
1962,19,2789,1
1963,19,55504,8
1964,19,2502,15
1965,19,34303,20
1966,19,36068,22
1967,19,18275,5
1968,19,23833,1
1969,19,56513,17
1970,19,17176,4
1971,19,30807,16
1972,19,5063,28
1973,19,47408,17
1974,19,25642,13
1975,19,10228,14
1976,19,23168,29
1977,19,22844,11
1978,19,27267,14
1979,19,57158,6
1980,19,4677,12
1981,19,9246,21
1982,19,39911,8
1983,19,43963,8
1984,19,41135,14
1985,19,42503,8
1986,19,34239,26
1987,19,45155,22
1988,19,6880,2
1989,19,37994,4
1990,19,29523,16
1991,19,30905,9
1992,19,50512,19
1993,19,5611,12
1994,19,11014,4
1995,19,20035,20
1996,19,11849,26
1997,19,7986,24
1998,19,2999,7
1999,19,19648,30
2000,20,54058,21
2001,20,50224,27
2002,20,26008,7
2003,20,7952,18
2004,20,11864,30
2005,20,6033,16
2006,20,26021,30
2007,20,32838,12
2008,20,31550,2
2009,20,27710,28
2010,20,35975,5
2011,20,28107,2
2012,20,46670,4
2013,20,26299,13
2014,20,11642,30
2015,20,20682,3
2016,20,17544,15
2017,20,37591,15
2018,20,40612,8
2019,20,6555,19
2020,20,20120,6
2021,20,59030,28
2022,20,19055,8
2023,20,30141,10
2024,20,10913,25
2025,20,55454,25
2026,20,20544,23
2027,20,38585,23
2028,20,44815,6
2029,20,52462,25
2030,20,30155,11
2031,20,45105,30
2032,20,38665,3
2033,20,25050,19
2034,20,41470,22
2035,20,18725,24
2036,20,11360,27
2037,20,30825,13
2038,20,27582,3
2039,20,8007,5
2040,20,21115,9
2041,20,26829,16
2042,20,12277,3
2043,20,16036,4
2044,20,11947,21
2045,20,58309,27
2046,20,31615,13
2047,20,30757,27
2048,20,4306,18
2049,20,944,25
2050,20,16722,11
2051,20,47788,2
2052,20,31825,27
2053,20,32883,27
2054,20,4294,19
2055,20,50627,10
2056,20,52295,4
2057,20,10781,30
2058,20,19458,27
2059,20,58879,18
2060,20,23900,13
2061,20,35315,18
2062,20,49037,10
2063,20,32634,11
2064,20,50797,16
2065,20,37433,13
2066,20,58672,12
2067,20,42577,14
2068,20,10530,12
2069,20,40776,10
2070,20,9414,20
2071,20,12296,3
2072,20,25271,22
2073,20,30305,22
2074,20,10964,12
2075,20,51285,25
2076,20,9004,10
2077,20,10416,12
2078,20,53025,25
2079,20,55040,10
2080,20,57735,18
2081,20,35808,6
2082,20,17682,12
2083,20,28627,5
2084,20,42979,2
2085,20,17376,10
2086,20,29088,8
2087,20,8583,19
2088,20,5284,14
2089,20,15587,11
2090,20,54054,6
2091,20,58553,14
2092,20,44099,16
2093,20,53531,26
2094,20,2301,8
2095,20,31583,24
2096,20,58022,17
2097,20,4167,30
2098,20,34472,17
2099,20,29991,21
2100,21,32096,22
2101,21,25611,26
2102,21,48293,2
2103,21,3654,15
2104,21,42196,8
2105,21,44529,14
2106,21,32379,5
2107,21,24503,19
2108,21,6151,25
2109,21,15462,23
2110,21,17810,13
2111,21,58705,5
2112,21,23262,10
2113,21,40648,11
2114,21,43380,2
2115,21,53974,17
2116,21,18141,19
2117,21,57119,14
2118,21,20721,12
2119,21,53787,10
2120,21,49024,16
2121,21,7634,6
2122,21,40165,18
2123,21,48149,17
2124,21,17443,13
2125,21,32765,9
2126,21,39151,2
2127,21,28822,1
2128,21,5345,17
2129,21,9114,29
2130,21,47402,17
2131,21,7442,27
2132,21,32295,17
2133,21,13159,2
2134,21,35456,3
2135,21,5615,19
2136,21,24837,25
2137,21,21897,14
2138,21,52910,29
2139,21,34227,26
2140,21,37440,22
2141,21,10307,22
2142,21,36474,1
2143,21,11154,16
2144,21,44783,18
2145,21,6701,17
2146,21,52647,26
2147,21,18230,16
2148,21,29163,27
2149,21,51424,1
2150,21,2245,12
2151,21,16132,4
2152,21,53959,22
2153,21,35506,6
2154,21,13708,13
2155,21,30672,20
2156,21,49078,29
2157,21,24537,1
2158,21,51407,3
2159,21,18970,16
2160,21,48506,25
2161,21,25301,26
2162,21,44056,3
2163,21,7828,20
2164,21,43164,8
2165,21,28373,5
2166,21,36618,11
2167,21,10305,15
2168,21,12123,10
2169,21,21546,24
2170,21,35001,24
2171,21,58535,25
2172,21,37383,13
2173,21,40806,2
2174,21,34179,16
2175,21,7259,8
2176,21,370,14
2177,21,19126,21
2178,21,31545,28
2179,21,41038,23
2180,21,58067,19
2181,21,9489,8
2182,21,57917,11
2183,21,32056,3
2184,21,17989,23
2185,21,58262,27
2186,21,19303,22
2187,21,50385,29
2188,21,11341,27
2189,21,20648,28
2190,21,19693,11
2191,21,32780,19
2192,21,683,22
2193,21,19407,28
2194,21,27002,23
2195,21,49599,9
2196,21,36981,3
2197,21,37388,6
2198,21,59033,26
2199,21,4985,27
2200,22,28987,6
2201,22,43287,19
2202,22,20710,11
2203,22,25670,29
2204,22,3136,23
2205,22,23076,28
2206,22,8636,28
2207,22,50943,16
2208,22,21259,23
2209,22,58835,3
2210,22,22587,1
2211,22,24490,26
2212,22,9631,7
2213,22,11069,11
2214,22,35783,19
2215,22,56290,1
2216,22,47975,12
2217,22,25465,14
2218,22,49085,24
2219,22,45263,27
2220,22,13882,19
2221,22,10715,30
2222,22,16953,18
2223,22,53089,9
2224,22,56212,22
2225,22,39088,15
2226,22,44707,8
2227,22,30118,7
2228,22,42416,7
2229,22,8989,7
2230,22,32505,12
2231,22,20018,16
2232,22,539,26
2233,22,38324,12
2234,22,58504,28
2235,22,5758,12
2236,22,33685,24
2237,22,4892,26
2238,22,26389,13
2239,22,2301,25
2240,22,7061,21
2241,22,13772,27
2242,22,17324,16
2243,22,58837,20
2244,22,38342,8
2245,22,59416,11
2246,22,7689,5
2247,22,16475,19
2248,22,10619,4
2249,22,56109,17
2250,22,5836,13
2251,22,24695,11
2252,22,28121,16
2253,22,533,15
2254,22,33616,3
2255,22,16090,11
2256,22,23992,6
2257,22,22424,8
2258,22,44053,30
2259,22,3949,19
2260,22,50313,6
2261,22,52638,25
2262,22,50359,25
2263,22,40725,20
2264,22,17218,7
2265,22,741,25
2266,22,53765,24
2267,22,55235,6
2268,22,53291,21
2269,22,59052,4
2270,22,55131,6
2271,22,16126,19
2272,22,18104,6
2273,22,24847,19
2274,22,39627,26
2275,22,9515,18
2276,22,18351,6
2277,22,10485,10
2278,22,2373,15
2279,22,13293,15
2280,22,10148,20
2281,22,25981,13
2282,22,53107,15
2283,22,42650,22
2284,22,57728,19
2285,22,15826,28
2286,22,46408,29
2287,22,17361,7
2288,22,28673,20
2289,22,7022,25
2290,22,30390,18
2291,22,30186,17
2292,22,13216,23
2293,22,58608,26
2294,22,5010,12
2295,22,18398,4
2296,22,18065,26
2297,22,31958,16
2298,22,5034,20
2299,22,12568,8
2300,23,7830,24
2301,23,36165,13
2302,23,30703,11
2303,23,15111,5
2304,23,47123,16
2305,23,4352,11
2306,23,55277,21
2307,23,41779,28
2308,23,54632,13
2309,23,42201,22
2310,23,47322,25
2311,23,33781,5
2312,23,35427,22
2313,23,34579,5
2314,23,27538,19
2315,23,38085,29
2316,23,48346,24
2317,23,16767,1
2318,23,20950,14
2319,23,19403,2
2320,23,42565,20
2321,23,25016,17
2322,23,31158,20
2323,23,35480,20
2324,23,56218,18
2325,23,36361,17
2326,23,10947,2
2327,23,54425,7
2328,23,41045,29
2329,23,37257,2
2330,23,56973,21
2331,23,59003,11
2332,23,30586,13
2333,23,43144,8
2334,23,50886,25
2335,23,9776,25
2336,23,20234,2
2337,23,12805,28
2338,23,1533,12
2339,23,30161,17
2340,23,35670,8
2341,23,7661,21
2342,23,16610,21
2343,23,11025,10
2344,23,22317,20
2345,23,57621,18
2346,23,35967,21
2347,23,48774,23
2348,23,45837,8
2349,23,6993,29
2350,23,39563,14
2351,23,9381,11
2352,23,32196,11
2353,23,52324,20
2354,23,8117,11
2355,23,35015,26
2356,23,11815,3
2357,23,44766,24
2358,23,49689,21
2359,23,19555,5
2360,23,4364,22
2361,23,36493,3
2362,23,49317,19
2363,23,27232,24
2364,23,45732,4
2365,23,51500,20
2366,23,44350,9
2367,23,41813,26
2368,23,8635,5
2369,23,28757,24
2370,23,24133,4
2371,23,56553,24
2372,23,37517,30
2373,23,18237,30
2374,23,13451,14
2375,23,46842,11
2376,23,53053,13
2377,23,39103,13
2378,23,11120,28
2379,23,55945,23
2380,23,14855,17
2381,23,20380,8
2382,23,29292,6
2383,23,17870,2
2384,23,56747,14
2385,23,26894,24
2386,23,6922,28
2387,23,13096,1
2388,23,18848,8
2389,23,39067,24
2390,23,35197,2
2391,23,5812,12
2392,23,38323,29
2393,23,31968,7
2394,23,37800,18
2395,23,53609,1
2396,23,27438,25
2397,23,57275,13
2398,23,19923,12
2399,23,21737,20
2400,24,56836,29
2401,24,14971,18
2402,24,19440,24
2403,24,49139,4
2404,24,55895,16
2405,24,40137,12
2406,24,51829,19
2407,24,20501,11
2408,24,58919,17
2409,24,40749,2
2410,24,43477,12
2411,24,44969,4
2412,24,31243,18
2413,24,15497,17
2414,24,25031,7
2415,24,44276,7
2416,24,14075,7
2417,24,49763,10
2418,24,36161,1
2419,24,16979,2
2420,24,27199,11
2421,24,8700,3
2422,24,17726,20
2423,24,13266,7
2424,24,24021,28
2425,24,52315,6
2426,24,54697,20
2427,24,50277,8
2428,24,46767,15
2429,24,12480,17
2430,24,58859,25
2431,24,47503,19
2432,24,16524,20
2433,24,43916,11
2434,24,55062,16
2435,24,30378,18
2436,24,19744,27
2437,24,33792,21
2438,24,35892,8
2439,24,17543,19
2440,24,35519,23
2441,24,54765,13
2442,24,28879,11
2443,24,52475,3
2444,24,37518,21
2445,24,14236,8
2446,24,45091,3
2447,24,2212,23
2448,24,37145,2
2449,24,18334,7
2450,24,3786,4
2451,24,49030,22
2452,24,12652,24
2453,24,15219,21
2454,24,2384,2
2455,24,43191,1
2456,24,24365,15
2457,24,25156,30
2458,24,54469,3
2459,24,26714,22
2460,24,42863,27
2461,24,26493,10
2462,24,44290,18
2463,24,42778,17
2464,24,29731,29
2465,24,53986,30
2466,24,7099,27
2467,24,25790,5
2468,24,41053,24
2469,24,57157,3
2470,24,50615,26
2471,24,12799,12
2472,24,985,22
2473,24,10093,24
2474,24,34392,9
2475,24,20648,4
2476,24,33068,15
2477,24,37457,22
2478,24,40991,10
2479,24,58861,13
2480,24,43175,17
2481,24,41849,21
2482,24,19436,5
2483,24,30281,28
2484,24,40784,28
2485,24,7446,3
2486,24,45693,25
2487,24,56918,30
2488,24,22973,13
2489,24,48311,30
2490,24,31232,19
2491,24,2680,8
2492,24,42173,24
2493,24,32944,29
2494,24,33727,15
2495,24,44797,6
2496,24,49531,10
2497,24,7519,25
2498,24,37030,8
2499,24,29881,15
2500,25,20678,26
2501,25,1152,8
2502,25,47835,4
2503,25,19802,28
2504,25,7897,10
2505,25,1791,7
2506,25,3635,12
2507,25,50199,19
2508,25,45628,4
2509,25,2316,3
2510,25,48388,12
2511,25,17138,18
2512,25,15416,3
2513,25,5758,11
2514,25,26789,8
2515,25,23246,8
2516,25,54252,20
2517,25,45294,16
2518,25,26849,26
2519,25,4132,16
2520,25,13951,12
2521,25,18022,12
2522,25,19848,7
2523,25,10690,26
2524,25,27302,17
2525,25,55504,5
2526,25,35978,10
2527,25,26928,4
2528,25,21779,7
2529,25,46764,26
2530,25,16245,26
2531,25,53764,17
2532,25,49902,12
2533,25,8416,4
2534,25,42611,16
2535,25,24384,11
2536,25,38126,30
2537,25,9728,12
2538,25,42017,22
2539,25,55870,15
2540,25,8028,13
2541,25,57594,25
2542,25,109,12
2543,25,44452,9
2544,25,49242,6
2545,25,48742,14
2546,25,11997,13
2547,25,46830,20
2548,25,2839,14
2549,25,20080,18
2550,25,18954,2
2551,25,7934,12
2552,25,38694,6
2553,25,9966,12
2554,25,7975,18
2555,25,26256,14
2556,25,20256,7
2557,25,41740,13
2558,25,51205,2
2559,25,45609,9
2560,25,5968,26
2561,25,8831,11
2562,25,24112,21
2563,25,55107,22
2564,25,57455,2
2565,25,31275,13
2566,25,55070,25
2567,25,58900,21
2568,25,7474,8
2569,25,18480,12
2570,25,20097,13
2571,25,57698,30
2572,25,46246,21
2573,25,8613,17
2574,25,27541,20
2575,25,20483,5
2576,25,19282,23
2577,25,23470,10
2578,25,43446,15
2579,25,3435,13
2580,25,47215,28
2581,25,27925,8
2582,25,47920,19
2583,25,52578,28
2584,25,9033,24
2585,25,30774,5
2586,25,38159,24
2587,25,22805,23
2588,25,56580,10
2589,25,23191,5
2590,25,26376,20
2591,25,47296,20
2592,25,32722,21
2593,25,44090,30
2594,25,15934,16
2595,25,7782,10
2596,25,46471,26
2597,25,42766,27
2598,25,33773,6
2599,25,28696,4
2600,26,12384,17
2601,26,5869,8
2602,26,43235,4
2603,26,27827,29
2604,26,13849,15
2605,26,48112,10
2606,26,24313,23
2607,26,8015,26
2608,26,41811,4
2609,26,41325,13
2610,26,5443,26
2611,26,19178,28
2612,26,15326,6
2613,26,7935,19
2614,26,3299,16
2615,26,38779,2
2616,26,20620,7
2617,26,6072,17
2618,26,20985,21
2619,26,27040,14
2620,26,50757,29
2621,26,3462,18
2622,26,32579,17
2623,26,2786,2
2624,26,26472,27
2625,26,41569,4
2626,26,55322,2
2627,26,40860,19
2628,26,23639,21
2629,26,33929,3
2630,26,12101,17
2631,26,14088,22
2632,26,44206,30
2633,26,40390,17
2634,26,45931,13
2635,26,24634,12
2636,26,19741,7
2637,26,6868,24
2638,26,22330,14
2639,26,50442,30
2640,26,21169,13
2641,26,50312,20
2642,26,29745,30
2643,26,13788,15
2644,26,42856,23
2645,26,37635,8
2646,26,17713,8
2647,26,48630,21
2648,26,34071,17
2649,26,43590,29
2650,26,37155,13
2651,26,30949,16
2652,26,19496,26
2653,26,46773,15
2654,26,59078,10
2655,26,39435,4
2656,26,26460,24
2657,26,10370,19
2658,26,46337,15
2659,26,16293,16
2660,26,42421,24
2661,26,30160,8
2662,26,35331,16
2663,26,41649,27
2664,26,58933,12
2665,26,25631,21
2666,26,8666,23
2667,26,57530,13
2668,26,26078,16
2669,26,19546,27
2670,26,58651,12
2671,26,55373,16
2672,26,21427,13
2673,26,28062,1
2674,26,18651,4
2675,26,16943,10
2676,26,39460,29
2677,26,57131,23
2678,26,11740,19
2679,26,38053,22
2680,26,4499,12
2681,26,54288,23
2682,26,18060,14
2683,26,14905,28
2684,26,8475,30
2685,26,17491,17
2686,26,29126,7
2687,26,7396,27
2688,26,4636,16
2689,26,44646,16
2690,26,27853,2
2691,26,5221,19
2692,26,27132,27
2693,26,36276,26
2694,26,9814,25
2695,26,28859,24
2696,26,7331,22
2697,26,20490,19
2698,26,57435,29
2699,26,26127,29
2700,27,50617,10
2701,27,27427,5
2702,27,17951,15
2703,27,47984,24
2704,27,40019,1
2705,27,39317,15
2706,27,21006,3
2707,27,10096,8
2708,27,21436,18
2709,27,35090,20
2710,27,44082,3
2711,27,1746,17
2712,27,46777,6
2713,27,907,9
2714,27,50979,2
2715,27,51394,8
2716,27,1637,2
2717,27,34201,29
2718,27,1954,19
2719,27,8577,2
2720,27,46647,8
2721,27,57412,20
2722,27,54417,11
2723,27,5124,13
2724,27,7269,20
2725,27,2721,30
2726,27,7087,30
2727,27,18870,14
2728,27,3779,7
2729,27,9325,19
2730,27,49080,21
2731,27,44892,8
2732,27,8516,28
2733,27,1404,9
2734,27,8100,19
2735,27,10251,6
2736,27,35291,10
2737,27,23428,28
2738,27,18458,18
2739,27,56801,3
2740,27,27138,10
2741,27,11916,24
2742,27,44919,15
2743,27,32623,1
2744,27,32991,29
2745,27,54872,14
2746,27,20891,18
2747,27,20336,25
2748,27,14816,25
2749,27,46414,26
2750,27,44702,28
2751,27,20588,11
2752,27,43351,29
2753,27,45650,18
2754,27,29335,25
2755,27,36701,1
2756,27,58364,27
2757,27,53728,6
2758,27,33421,15
2759,27,14025,3
2760,27,20534,25
2761,27,52381,6
2762,27,19688,17
2763,27,11765,2
2764,27,29933,8
2765,27,39585,19
2766,27,10819,14
2767,27,12587,12
2768,27,52729,14
2769,27,31497,12
2770,27,30076,4
2771,27,52914,28
2772,27,30337,27
2773,27,6190,23
2774,27,32463,21
2775,27,44629,27
2776,27,24153,2
2777,27,6083,25
2778,27,52603,11
2779,27,35714,9
2780,27,19844,13
2781,27,54923,22
2782,27,32829,18
2783,27,44455,18
2784,27,33071,23
2785,27,30690,8
2786,27,16169,22
2787,27,22924,3
2788,27,19670,27
2789,27,51298,4
2790,27,11120,21
2791,27,9276,20
2792,27,10249,28
2793,27,47897,22
2794,27,58238,30
2795,27,54414,14
2796,27,56110,28
2797,27,49422,30
2798,27,15219,6
2799,27,54745,29
2800,28,3926,19
2801,28,53376,5
2802,28,24753,6
2803,28,12633,1
2804,28,26734,27
2805,28,21664,9
2806,28,56452,4
2807,28,32790,21
2808,28,33238,30
2809,28,56063,21
2810,28,51883,17
2811,28,51541,27
2812,28,27270,25
2813,28,53721,28
2814,28,46361,5
2815,28,1273,12
2816,28,27293,30
2817,28,29167,13
2818,28,9150,19
2819,28,44723,20
2820,28,28399,25
2821,28,24405,21
2822,28,26571,9
2823,28,26791,24
2824,28,21449,12
2825,28,58934,30
2826,28,54341,22
2827,28,19227,19
2828,28,8617,3
2829,28,49748,6
2830,28,43253,2
2831,28,16372,25
2832,28,39705,13
2833,28,30809,1
2834,28,51628,29
2835,28,7356,4
2836,28,21281,6
2837,28,32145,2
2838,28,39571,20
2839,28,8774,12
2840,28,33265,27
2841,28,28270,2
2842,28,36238,21
2843,28,5417,7
2844,28,22684,11
2845,28,19102,25
2846,28,18001,13
2847,28,32145,22
2848,28,32035,19
2849,28,34654,3
2850,28,10629,7
2851,28,36030,1
2852,28,36267,5
2853,28,33141,28
2854,28,50397,9
2855,28,17205,19
2856,28,56252,2
2857,28,55524,10
2858,28,57718,30
2859,28,27302,7
2860,28,1337,4
2861,28,19598,12
2862,28,8421,17
2863,28,59282,29
2864,28,23731,9
2865,28,31058,5
2866,28,40810,27
2867,28,48141,19
2868,28,37376,7
2869,28,52342,20
2870,28,44309,8
2871,28,44267,2
2872,28,49777,14
2873,28,42633,13
2874,28,23068,18
2875,28,46867,29
2876,28,49731,6
2877,28,24100,5
2878,28,28384,14
2879,28,51829,17
2880,28,4376,4
2881,28,53540,30
2882,28,38492,3
2883,28,43374,23
2884,28,15493,22
2885,28,35815,28
2886,28,42293,11
2887,28,53584,20
2888,28,2256,1
2889,28,36195,19
2890,28,14794,14
2891,28,23108,1
2892,28,8862,21
2893,28,30101,23
2894,28,8328,12
2895,28,40732,3
2896,28,20287,14
2897,28,19787,16
2898,28,5925,14
2899,28,58963,4
2900,29,19087,4
2901,29,25990,26
2902,29,26119,15
2903,29,25277,27
2904,29,20400,23
2905,29,36214,4
2906,29,35806,4
2907,29,42925,2
2908,29,51812,20
2909,29,46990,2
2910,29,12199,30
2911,29,40362,16
2912,29,48878,19
2913,29,31258,10
2914,29,27856,12
2915,29,35837,22
2916,29,49517,14
2917,29,11919,19
2918,29,17510,19
2919,29,29428,14
2920,29,52527,19
2921,29,16422,27
2922,29,15927,20
2923,29,55608,14
2924,29,54731,9
2925,29,41560,23
2926,29,56979,14
2927,29,7606,8
2928,29,6228,18
2929,29,27468,25
2930,29,55479,6
2931,29,43587,14
2932,29,31099,16
2933,29,56871,4
2934,29,58411,17
2935,29,45054,19
2936,29,36655,7
2937,29,38012,23
2938,29,42353,20
2939,29,54029,30
2940,29,53168,29
2941,29,38420,23
2942,29,33400,9
2943,29,37125,14
2944,29,23594,21
2945,29,11647,2
2946,29,16053,18
2947,29,29104,24
2948,29,33240,3
2949,29,26893,27
2950,29,3590,15
2951,29,17509,20
2952,29,51038,10
2953,29,35827,26
2954,29,52085,30
2955,29,15080,28
2956,29,42946,20
2957,29,3092,13
2958,29,10815,28
2959,29,22833,14
2960,29,44811,22
2961,29,49170,13
2962,29,53836,3
2963,29,57662,24
2964,29,25841,4
2965,29,4788,23
2966,29,38240,3
2967,29,56588,26
2968,29,4343,4
2969,29,413,4
2970,29,3717,14
2971,29,3698,23
2972,29,58350,3
2973,29,55197,18
2974,29,30585,5
2975,29,40752,23
2976,29,34662,4
2977,29,55061,30
2978,29,40970,1
2979,29,10996,11
2980,29,56867,21
2981,29,39741,10
2982,29,41291,27
2983,29,7942,8
2984,29,49994,2
2985,29,34007,27
2986,29,38242,2
2987,29,4182,28
2988,29,8772,16
2989,29,28526,28
2990,29,9976,14
2991,29,42071,3
2992,29,29305,12
2993,29,39590,15
2994,29,28858,2
2995,29,29661,30
2996,29,3338,25
2997,29,15256,28
2998,29,51685,30
2999,29,25095,30
3000,30,17614,5
3001,30,32502,25
3002,30,39637,10
3003,30,22017,19
3004,30,30237,28
3005,30,25065,22
3006,30,23469,29
3007,30,13026,29
3008,30,16141,8
3009,30,38723,9
3010,30,2874,23
3011,30,11433,24
3012,30,35386,6
3013,30,25425,25
3014,30,22085,11
3015,30,18938,13
3016,30,22163,8
3017,30,45065,2
3018,30,25051,25
3019,30,4729,29
3020,30,56931,6
3021,30,28009,7
3022,30,51383,3
3023,30,57848,28
3024,30,15413,20
3025,30,7559,16
3026,30,34881,14
3027,30,51213,12
3028,30,51221,6
3029,30,9803,15
3030,30,7669,27
3031,30,2102,6
3032,30,58898,4
3033,30,13594,26
3034,30,10826,4
3035,30,32473,19
3036,30,50574,6
3037,30,4081,16
3038,30,23917,21
3039,30,27596,24
3040,30,35138,28
3041,30,19110,15
3042,30,39931,14
3043,30,30564,5
3044,30,38831,12
3045,30,44075,12
3046,30,13341,21
3047,30,29316,23
3048,30,19506,11
3049,30,27774,10
3050,30,58251,26
3051,30,46637,28
3052,30,20198,21
3053,30,3582,16
3054,30,56984,29
3055,30,38655,12
3056,30,10065,4
3057,30,42315,30
3058,30,35491,1
3059,30,15131,3
3060,30,25736,4
3061,30,9169,12
3062,30,51984,2
3063,30,20550,28
3064,30,47692,3
3065,30,42260,3
3066,30,44745,1
3067,30,1956,17
3068,30,28988,4
3069,30,38558,26
3070,30,37389,12
3071,30,52542,4
3072,30,13007,10
3073,30,59379,27
3074,30,29537,20
3075,30,11927,11
3076,30,28186,27
3077,30,32112,3
3078,30,46467,3
3079,30,56631,18
3080,30,26896,12
3081,30,35143,4
3082,30,18000,1
3083,30,32615,27
3084,30,42066,10
3085,30,16393,20
3086,30,44467,22
3087,30,42426,8
3088,30,27567,6
3089,30,8135,5
3090,30,49919,22
3091,30,2957,3
3092,30,19138,19
3093,30,43024,3
3094,30,5029,29
3095,30,27747,22
3096,30,418,25
3097,30,49603,6
3098,30,33865,24
3099,30,12531,27
3100,31,27719,9
3101,31,21145,3
3102,31,7148,23
3103,31,15038,7
3104,31,38672,26
3105,31,7119,30
3106,31,15231,23
3107,31,51458,21
3108,31,27048,13
3109,31,18138,15
3110,31,40768,9
3111,31,56599,1
3112,31,51317,2
3113,31,22897,18
3114,31,24346,22
3115,31,55790,18
3116,31,12299,13
3117,31,5496,30
3118,31,59249,24
3119,31,24101,27
3120,31,35599,8
3121,31,4068,20
3122,31,20810,28
3123,31,55122,2
3124,31,14325,13
3125,31,2712,8
3126,31,17234,6
3127,31,26800,15
3128,31,27445,21
3129,31,19933,9
3130,31,6328,23
3131,31,39968,1
3132,31,6460,18
3133,31,42265,11
3134,31,25707,13
3135,31,27704,20
3136,31,4300,3
3137,31,37971,4
3138,31,7102,27
3139,31,30051,10
3140,31,54524,19
3141,31,39476,30
3142,31,1080,19
3143,31,30516,9
3144,31,12420,21
3145,31,1982,4
3146,31,30393,22
3147,31,40608,19
3148,31,7629,17
3149,31,47397,4
3150,31,35924,17
3151,31,54965,30
3152,31,12658,4
3153,31,17403,8
3154,31,38673,15
3155,31,8877,4
3156,31,26460,23
3157,31,21088,4
3158,31,19688,7
3159,31,51884,19
3160,31,1130,4
3161,31,16213,21
3162,31,59104,14
3163,31,38147,28
3164,31,42421,17
3165,31,54233,30
3166,31,58155,4
3167,31,35443,4
3168,31,34795,13
3169,31,26769,10
3170,31,47020,3
3171,31,49912,23
3172,31,17255,26
3173,31,26529,30
3174,31,21734,17
3175,31,35188,24
3176,31,41973,1
3177,31,26289,20
3178,31,17926,4
3179,31,4015,5
3180,31,46559,1
3181,31,46253,28
3182,31,44973,6
3183,31,29765,4
3184,31,20964,25
3185,31,21167,1
3186,31,17270,24
3187,31,43957,28
3188,31,8340,25
3189,31,14885,14
3190,31,48182,4
3191,31,41688,22
3192,31,36697,26
3193,31,47661,1
3194,31,6218,8
3195,31,19959,6
3196,31,17229,10
3197,31,56749,11
3198,31,37919,23
3199,31,23456,24
3200,32,93,18
3201,32,8839,30
3202,32,40328,25
3203,32,59222,4
3204,32,3985,16
3205,32,59421,19
3206,32,25317,17
3207,32,9285,20
3208,32,17679,12
3209,32,8999,5
3210,32,21899,5
3211,32,42909,21
3212,32,23701,12
3213,32,2904,1
3214,32,50129,16
3215,32,35742,11
3216,32,48758,6
3217,32,54840,1
3218,32,16075,23
3219,32,34332,12
3220,32,56161,23
3221,32,16782,13
3222,32,59312,5
3223,32,54994,10
3224,32,34051,22
3225,32,52414,17
3226,32,51222,1
3227,32,1805,3
3228,32,45221,1
3229,32,8333,26
3230,32,55144,29
3231,32,12109,13
3232,32,55477,3
3233,32,38857,29
3234,32,39801,17
3235,32,46236,22
3236,32,29638,18
3237,32,39436,14
3238,32,5189,5
3239,32,1543,7
3240,32,25622,4
3241,32,6139,7
3242,32,22711,10
3243,32,39577,23
3244,32,25226,20
3245,32,3003,20
3246,32,7635,3
3247,32,32422,9
3248,32,21993,29
3249,32,39461,12
3250,32,27944,14
3251,32,34277,29
3252,32,31167,29
3253,32,56799,9
3254,32,57564,1
3255,32,11265,25
3256,32,11476,19
3257,32,38371,20
3258,32,18166,30
3259,32,25618,23
3260,32,12577,23
3261,32,17230,5
3262,32,11740,26
3263,32,10683,21
3264,32,5190,15
3265,32,55334,14
3266,32,45156,25
3267,32,24846,6
3268,32,57940,1
3269,32,48037,8
3270,32,20487,16
3271,32,41222,23
3272,32,22706,9
3273,32,21466,3
3274,32,14708,9
3275,32,22080,17
3276,32,36222,14
3277,32,2447,21
3278,32,58583,8
3279,32,49127,6
3280,32,20578,30
3281,32,52613,10
3282,32,6268,16
3283,32,1947,12
3284,32,1778,1
3285,32,48898,20
3286,32,49852,11
3287,32,48512,11
3288,32,46754,26
3289,32,36579,26
3290,32,47903,12
3291,32,24866,26
3292,32,22467,24
3293,32,23587,8
3294,32,57946,4
3295,32,9706,13
3296,32,11460,17
3297,32,27136,9
3298,32,42237,15
3299,32,6700,15
3300,33,7706,20
3301,33,16799,11
3302,33,38437,8
3303,33,47808,29
3304,33,56572,8
3305,33,14197,4
3306,33,56721,26
3307,33,17286,8
3308,33,8788,8
3309,33,3519,17
3310,33,45393,5
3311,33,44914,7
3312,33,8862,5
3313,33,4434,16
3314,33,58999,8
3315,33,57114,23
3316,33,19477,5
3317,33,39315,10
3318,33,28407,17
3319,33,22222,7
3320,33,28765,11
3321,33,48293,7
3322,33,58608,17
3323,33,11511,2
3324,33,42509,24
3325,33,35061,30
3326,33,49621,29
3327,33,38999,16
3328,33,21888,27
3329,33,50392,16
3330,33,56402,2
3331,33,179,4
3332,33,7408,12
3333,33,52693,17
3334,33,37736,16
3335,33,11438,20
3336,33,55117,16
3337,33,35113,2
3338,33,46020,4
3339,33,17730,26
3340,33,44126,11
3341,33,19244,2
3342,33,46643,21
3343,33,59412,13
3344,33,13571,11
3345,33,27563,13
3346,33,26390,7
3347,33,41917,27
3348,33,38025,10
3349,33,4649,20
3350,33,5363,3
3351,33,58993,8
3352,33,42041,6
3353,33,56703,14
3354,33,58483,17
3355,33,13481,23
3356,33,10281,18
3357,33,728,4
3358,33,15061,11
3359,33,20147,23
3360,33,10346,1
3361,33,10768,7
3362,33,4114,29
3363,33,37747,24
3364,33,55628,11
3365,33,39312,27
3366,33,31760,19
3367,33,20890,21
3368,33,6057,3
3369,33,25301,23
3370,33,15008,28
3371,33,23627,27
3372,33,22046,5
3373,33,54856,28
3374,33,6255,9
3375,33,32236,3
3376,33,20675,25
3377,33,14116,28
3378,33,15618,19
3379,33,50881,20
3380,33,25701,21
3381,33,40673,4
3382,33,49355,19
3383,33,22198,17
3384,33,5667,12
3385,33,4844,16
3386,33,43162,8
3387,33,40838,29
3388,33,51111,30
3389,33,49372,3
3390,33,56656,24
3391,33,15291,7
3392,33,58034,27
3393,33,49768,14
3394,33,56791,6
3395,33,15365,4
3396,33,53446,1
3397,33,9641,27
3398,33,7922,2
3399,33,31563,17
3400,34,8253,18
3401,34,53816,16
3402,34,15673,25
3403,34,51535,27
3404,34,8961,18
3405,34,5230,22
3406,34,52945,14
3407,34,49059,7
3408,34,16577,29
3409,34,3264,15
3410,34,26887,12
3411,34,24568,27
3412,34,23067,25
3413,34,56652,11
3414,34,24954,15
3415,34,6574,4
3416,34,18378,5
3417,34,3081,20
3418,34,42961,4
3419,34,37990,7
3420,34,187,8
3421,34,5881,13
3422,34,6403,11
3423,34,6041,16
3424,34,41385,16
3425,34,136,14
3426,34,6311,27
3427,34,48750,24
3428,34,14752,27
3429,34,25556,19
3430,34,59348,19
3431,34,33161,6
3432,34,58864,21
3433,34,19161,11
3434,34,41680,6
3435,34,44526,24
3436,34,26937,18
3437,34,35455,5
3438,34,48276,26
3439,34,34915,29
3440,34,52352,18
3441,34,3929,7
3442,34,53132,15
3443,34,54379,29
3444,34,6480,30
3445,34,6019,15
3446,34,46665,8
3447,34,16900,29
3448,34,42323,12
3449,34,3854,1
3450,34,28021,7
3451,34,5715,6
3452,34,20483,27
3453,34,53444,9
3454,34,29473,19
3455,34,40578,22
3456,34,47343,28
3457,34,10163,21
3458,34,16959,13
3459,34,38672,23
3460,34,37672,27
3461,34,25177,21
3462,34,41413,14
3463,34,3728,25
3464,34,42941,27
3465,34,27732,2
3466,34,29615,9
3467,34,51419,6
3468,34,47365,26
3469,34,31169,26
3470,34,12137,27
3471,34,3393,5
3472,34,45948,25
3473,34,33285,25
3474,34,17715,12
3475,34,55517,7
3476,34,3292,6
3477,34,3827,14
3478,34,12787,10
3479,34,36041,4
3480,34,38384,24
3481,34,11664,15
3482,34,7945,4
3483,34,24821,27
3484,34,44166,25
3485,34,31506,22
3486,34,2456,23
3487,34,58162,16
3488,34,38282,10
3489,34,14022,17
3490,34,29548,27
3491,34,49081,19
3492,34,24881,2
3493,34,24521,12
3494,34,26050,28
3495,34,30644,17
3496,34,48380,24
3497,34,21888,18
3498,34,15626,1
3499,34,35754,12
3500,35,42109,14
3501,35,14568,9
3502,35,41940,3
3503,35,57209,26
3504,35,44484,7
3505,35,647,8
3506,35,25559,22
3507,35,49502,12
3508,35,7154,20
3509,35,17345,20
3510,35,9377,27
3511,35,54049,10
3512,35,3537,18
3513,35,28486,15
3514,35,41384,30
3515,35,58260,30
3516,35,9737,19
3517,35,50487,17
3518,35,19922,8
3519,35,43444,21
3520,35,48450,19
3521,35,17277,18
3522,35,47191,23
3523,35,28449,29
3524,35,23160,8
3525,35,17380,16
3526,35,48637,2
3527,35,30511,1
3528,35,34567,4
3529,35,49422,30
3530,35,11572,21
3531,35,50553,6
3532,35,19888,12
3533,35,7531,16
3534,35,39581,10
3535,35,56452,22
3536,35,19321,4
3537,35,38653,4
3538,35,8899,30
3539,35,42947,23
3540,35,29152,26
3541,35,14865,5
3542,35,49820,6
3543,35,6892,4
3544,35,57406,19
3545,35,52216,29
3546,35,680,26
3547,35,37541,11
3548,35,10534,14
3549,35,47167,2
3550,35,55187,26
3551,35,20560,2
3552,35,8102,6
3553,35,14555,26
3554,35,7631,6
3555,35,48105,24
3556,35,27901,19
3557,35,24150,27
3558,35,6078,16
3559,35,40176,9
3560,35,16524,8
3561,35,34653,29
3562,35,26793,28
3563,35,4400,8
3564,35,9585,1
3565,35,46237,5
3566,35,39908,14
3567,35,13140,24
3568,35,18185,13
3569,35,20167,23
3570,35,14366,25
3571,35,21676,4
3572,35,35324,15
3573,35,16932,9
3574,35,17677,3
3575,35,8341,22
3576,35,25496,3
3577,35,51870,14
3578,35,4215,23
3579,35,42408,1
3580,35,30356,25
3581,35,21953,4
3582,35,23480,5
3583,35,22116,23
3584,35,23738,28
3585,35,55623,12
3586,35,14944,27
3587,35,57026,8
3588,35,58238,7
3589,35,8040,28
3590,35,42798,3
3591,35,51984,25
3592,35,41213,12
3593,35,390,5
3594,35,34956,8
3595,35,1544,4
3596,35,11047,5
3597,35,36084,1
3598,35,39470,14
3599,35,15299,13
3600,36,41142,19
3601,36,43831,18
3602,36,12224,28
3603,36,15895,22
3604,36,47504,21
3605,36,6611,22
3606,36,26415,15
3607,36,535,14
3608,36,5460,21
3609,36,38429,23
3610,36,45947,24
3611,36,25219,16
3612,36,28319,14
3613,36,49407,12
3614,36,27945,9
3615,36,28435,9
3616,36,52305,5
3617,36,13995,2
3618,36,41124,28
3619,36,14922,7
3620,36,7472,20
3621,36,52518,16
3622,36,12284,25
3623,36,22147,18
3624,36,3767,17
3625,36,6715,8
3626,36,38457,17
3627,36,17600,18
3628,36,1426,4
3629,36,44925,6
3630,36,56476,18
3631,36,5305,1
3632,36,40763,17
3633,36,6655,12
3634,36,30732,15
3635,36,32373,19
3636,36,4904,11
3637,36,47897,14
3638,36,33862,8
3639,36,8358,6
3640,36,9362,14
3641,36,36397,7
3642,36,33562,6
3643,36,16397,6
3644,36,48038,8
3645,36,17486,14
3646,36,15225,16
3647,36,48468,20
3648,36,37464,29
3649,36,45212,21
3650,36,41128,6
3651,36,11452,15
3652,36,1802,26
3653,36,44304,26
3654,36,48153,6
3655,36,16011,20
3656,36,46416,20
3657,36,39132,22
3658,36,15641,23
3659,36,15215,21
3660,36,49906,5
3661,36,16329,2
3662,36,36278,1
3663,36,21597,15
3664,36,10413,7
3665,36,3338,21
3666,36,57767,12
3667,36,1031,1
3668,36,43670,29
3669,36,16824,23
3670,36,27281,24
3671,36,39883,10
3672,36,2011,10
3673,36,4860,20
3674,36,50255,15
3675,36,58867,7
3676,36,22547,2
3677,36,18537,24
3678,36,37718,13
3679,36,43477,3
3680,36,14520,20
3681,36,44739,12
3682,36,31963,28
3683,36,20687,12
3684,36,9676,3
3685,36,18527,26
3686,36,36502,24
3687,36,40253,7
3688,36,17433,8
3689,36,36996,26
3690,36,55441,11
3691,36,3606,12
3692,36,42092,28
3693,36,4947,10
3694,36,30247,26
3695,36,53166,20
3696,36,31247,6
3697,36,39179,4
3698,36,24432,8
3699,36,33443,6
3700,37,2749,3
3701,37,56407,28
3702,37,42606,1
3703,37,54119,2
3704,37,20542,18
3705,37,13445,20
3706,37,35873,12
3707,37,26936,15
3708,37,37885,15
3709,37,46841,16
3710,37,2681,3
3711,37,20663,7
3712,37,30846,28
3713,37,1080,26
3714,37,10859,27
3715,37,5687,6
3716,37,10539,12
3717,37,34106,25
3718,37,2329,5
3719,37,55741,27
3720,37,29453,26
3721,37,21021,4
3722,37,2455,12
3723,37,46650,20
3724,37,37143,20
3725,37,22570,15
3726,37,50664,24
3727,37,27225,10
3728,37,16054,12
3729,37,28555,7
3730,37,50440,30
3731,37,1794,28
3732,37,46259,12
3733,37,51956,24
3734,37,58044,21
3735,37,21728,22
3736,37,34427,13
3737,37,36669,1
3738,37,34841,30
3739,37,50181,18
3740,37,7344,28
3741,37,51999,15
3742,37,53859,19
3743,37,50602,30
3744,37,40976,26
3745,37,35328,4
3746,37,26104,24
3747,37,31011,8
3748,37,21184,13
3749,37,34099,6
3750,37,56546,15
3751,37,39810,23
3752,37,11475,21
3753,37,17608,29
3754,37,36742,3
3755,37,27042,2
3756,37,34749,3
3757,37,35498,1
3758,37,32467,10
3759,37,5391,21
3760,37,29560,8
3761,37,6007,2
3762,37,867,9
3763,37,34735,14
3764,37,26907,2
3765,37,58007,3
3766,37,18166,9
3767,37,1206,19
3768,37,25198,19
3769,37,26546,13
3770,37,3338,9
3771,37,3916,19
3772,37,12637,27
3773,37,18486,2
3774,37,11146,16
3775,37,4079,21
3776,37,7025,27
3777,37,42967,24
3778,37,55311,5
3779,37,22093,28
3780,37,52083,24
3781,37,56783,26
3782,37,46798,19
3783,37,28985,8
3784,37,14914,26
3785,37,1663,13
3786,37,24746,28
3787,37,41986,29
3788,37,39212,24
3789,37,29507,4
3790,37,46245,18
3791,37,42653,20
3792,37,42209,4
3793,37,14111,6
3794,37,28648,11
3795,37,37206,1
3796,37,33532,2
3797,37,42655,4
3798,37,17856,23
3799,37,54049,25
3800,38,1224,1
3801,38,47190,10
3802,38,16553,3
3803,38,52423,27
3804,38,21274,24
3805,38,58576,22
3806,38,2445,20
3807,38,50017,19
3808,38,8113,14
3809,38,1401,28
3810,38,36458,19
3811,38,28716,30
3812,38,36080,10
3813,38,18659,6
3814,38,24969,30
3815,38,48001,4
3816,38,29090,27
3817,38,56701,21
3818,38,32290,20
3819,38,6877,17
3820,38,20123,25
3821,38,24493,14
3822,38,51952,5
3823,38,41222,26
3824,38,41709,9
3825,38,47436,4
3826,38,22434,19
3827,38,20057,15
3828,38,57480,26
3829,38,24822,22
3830,38,48296,29
3831,38,2866,11
3832,38,42839,13
3833,38,26262,25
3834,38,13664,6
3835,38,27596,23
3836,38,44177,30
3837,38,32184,17
3838,38,58921,10
3839,38,6011,10
3840,38,9823,11
3841,38,1698,30
3842,38,54248,7
3843,38,36056,10
3844,38,44024,27
3845,38,27775,30
3846,38,11883,16
3847,38,51231,13
3848,38,885,26
3849,38,51321,16
3850,38,57477,19
3851,38,7571,20
3852,38,41528,25
3853,38,9537,16
3854,38,59236,17
3855,38,7480,30
3856,38,41580,9
3857,38,5577,13
3858,38,31298,10
3859,38,46668,17
3860,38,56004,4
3861,38,3959,29
3862,38,15063,22
3863,38,45450,11
3864,38,8693,25
3865,38,48180,19
3866,38,1398,25
3867,38,13461,28
3868,38,38702,30
3869,38,40729,12
3870,38,54887,15
3871,38,8688,3
3872,38,57313,7
3873,38,51183,4
3874,38,2831,30
3875,38,46707,21
3876,38,14497,11
3877,38,55455,15
3878,38,15574,29
3879,38,49053,2
3880,38,54199,19
3881,38,12304,4
3882,38,21189,8
3883,38,19717,1
3884,38,12005,27
3885,38,47503,28
3886,38,5571,24
3887,38,33764,29
3888,38,17416,28
3889,38,34800,5
3890,38,50721,20
3891,38,51121,26
3892,38,14466,15
3893,38,2480,18
3894,38,40404,10
3895,38,24951,25
3896,38,21468,8
3897,38,36089,15
3898,38,54866,21
3899,38,31645,9
3900,39,43308,12
3901,39,58569,5
3902,39,49264,6
3903,39,54649,26
3904,39,13190,17
3905,39,37038,9
3906,39,45977,10
3907,39,29647,9
3908,39,25059,18
3909,39,19483,25
3910,39,17471,12
3911,39,15198,13
3912,39,27700,28
3913,39,10717,24
3914,39,27201,11
3915,39,56605,20
3916,39,54814,11
3917,39,34675,2
3918,39,45759,12
3919,39,52200,16
3920,39,8760,1
3921,39,4594,1
3922,39,19918,10
3923,39,44816,19
3924,39,44584,4
3925,39,45111,25
3926,39,26632,16
3927,39,20376,5
3928,39,8679,13
3929,39,5028,21
3930,39,20542,28
3931,39,186,29
3932,39,46284,4
3933,39,7557,22
3934,39,30870,9
3935,39,5586,1
3936,39,14635,13
3937,39,37084,6
3938,39,19419,12
3939,39,23656,24
3940,39,15860,21
3941,39,49553,1
3942,39,28302,6
3943,39,12817,11
3944,39,25491,29
3945,39,33197,22
3946,39,12852,30
3947,39,35353,29
3948,39,46495,5
3949,39,5026,2
3950,39,12042,10
3951,39,33623,5
3952,39,5771,21
3953,39,12794,24
3954,39,9025,26
3955,39,25455,20
3956,39,14491,17
3957,39,28113,26
3958,39,25220,8
3959,39,34888,4
3960,39,7437,21
3961,39,59022,19
3962,39,27179,24
3963,39,8781,12
3964,39,25433,3
3965,39,21342,5
3966,39,33872,17
3967,39,27123,17
3968,39,20872,9
3969,39,43314,13
3970,39,6579,10
3971,39,23780,19
3972,39,51514,4
3973,39,11111,27
3974,39,56378,13
3975,39,11837,16
3976,39,55301,27
3977,39,36046,28
3978,39,31334,9
3979,39,24182,24
3980,39,5782,12
3981,39,48350,8
3982,39,31213,17
3983,39,1840,16
3984,39,31158,8
3985,39,54384,27
3986,39,32972,17
3987,39,8721,1
3988,39,49018,28
3989,39,43284,1
3990,39,37662,21
3991,39,40687,13
3992,39,7740,25
3993,39,44189,6
3994,39,32855,6
3995,39,14690,27
3996,39,48531,19
3997,39,43092,1
3998,39,19793,3
3999,39,28229,20
4000,40,32280,27
4001,40,43053,18
4002,40,53543,16
4003,40,45124,25
4004,40,7006,8
4005,40,13439,3
4006,40,27022,19
4007,40,40918,1
4008,40,38730,19
4009,40,47473,25
4010,40,2858,12
4011,40,38362,27
4012,40,28482,21
4013,40,35101,17
4014,40,3133,10
4015,40,8106,8
4016,40,46140,21
4017,40,29343,9
4018,40,7577,19
4019,40,20412,7
4020,40,38413,26
4021,40,3749,30
4022,40,49632,4
4023,40,12771,27
4024,40,58878,17
4025,40,16756,1
4026,40,40501,29
4027,40,35790,30
4028,40,8324,28
4029,40,20616,14
4030,40,29269,16
4031,40,8086,19
4032,40,31224,1
4033,40,3095,22
4034,40,20992,3
4035,40,25716,8
4036,40,51415,9
4037,40,57807,23
4038,40,13143,22
4039,40,9926,20
4040,40,31047,13
4041,40,15293,23
4042,40,19828,27
4043,40,4835,11
4044,40,9897,9
4045,40,14515,6
4046,40,1299,8
4047,40,24808,24
4048,40,12467,3
4049,40,56808,5
4050,40,47516,9
4051,40,38328,12
4052,40,42640,16
4053,40,3145,3
4054,40,54687,22
4055,40,9013,25
4056,40,53007,13
4057,40,18064,6
4058,40,12838,24
4059,40,4079,16
4060,40,15760,17
4061,40,17237,28
4062,40,26784,25
4063,40,53965,26
4064,40,46002,8
4065,40,55609,14
4066,40,59177,27
4067,40,20796,23
4068,40,43106,16
4069,40,56134,22
4070,40,27512,18
4071,40,43497,19
4072,40,13641,20
4073,40,52702,4
4074,40,21619,21
4075,40,18052,5
4076,40,10455,27
4077,40,37151,1
4078,40,30949,6
4079,40,29699,22
4080,40,27195,17
4081,40,47224,9
4082,40,34384,17
4083,40,1978,23
4084,40,34696,13
4085,40,31271,25
4086,40,39225,30
4087,40,41680,23
4088,40,22934,30
4089,40,44984,10
4090,40,17591,1
4091,40,49793,25
4092,40,53648,1
4093,40,7543,18
4094,40,12674,11
4095,40,55978,25
4096,40,44129,27
4097,40,15990,18
4098,40,15490,17
4099,40,28187,22
4100,41,57599,7
4101,41,10683,21
4102,41,36433,22
4103,41,31428,3
4104,41,19906,9
4105,41,658,25
4106,41,58665,7
4107,41,6239,13
4108,41,11222,14
4109,41,52500,27
4110,41,9665,27
4111,41,4124,18
4112,41,57151,9
4113,41,51413,14
4114,41,41049,17
4115,41,11540,11
4116,41,18179,6
4117,41,47505,29
4118,41,39121,30
4119,41,1523,19
4120,41,36022,4
4121,41,27902,15
4122,41,50938,26
4123,41,1201,13
4124,41,52925,12
4125,41,35405,28
4126,41,47463,27
4127,41,34317,6
4128,41,29453,3
4129,41,38440,21
4130,41,34798,18
4131,41,40925,29
4132,41,33729,14
4133,41,17853,1
4134,41,16682,14
4135,41,13536,4
4136,41,38123,7
4137,41,9133,24
4138,41,42186,13
4139,41,56458,15
4140,41,11355,10
4141,41,39405,18
4142,41,44333,27
4143,41,34735,18
4144,41,21652,13
4145,41,59095,8
4146,41,48329,25
4147,41,16151,7
4148,41,19630,9
4149,41,35615,21
4150,41,14952,6
4151,41,35852,21
4152,41,52363,26
4153,41,35270,8
4154,41,22321,4
4155,41,40476,24
4156,41,23633,27
4157,41,2925,14
4158,41,24544,9
4159,41,57346,17
4160,41,45295,25
4161,41,45142,5
4162,41,16254,20
4163,41,39658,12
4164,41,41215,15
4165,41,39116,9
4166,41,25908,3
4167,41,9094,13
4168,41,33834,14
4169,41,51786,24
4170,41,33227,19
4171,41,15697,17
4172,41,49667,30
4173,41,59456,22
4174,41,24960,16
4175,41,31504,24
4176,41,20054,14
4177,41,19718,16
4178,41,1388,23
4179,41,17345,16
4180,41,38410,12
4181,41,33193,29
4182,41,34018,18
4183,41,13499,6
4184,41,7353,29
4185,41,56678,14
4186,41,8715,23
4187,41,51797,28
4188,41,48123,24
4189,41,4804,17
4190,41,5717,11
4191,41,46431,14
4192,41,26345,8
4193,41,34808,6
4194,41,4946,17
4195,41,34600,29
4196,41,21436,29
4197,41,28091,27
4198,41,45795,21
4199,41,42699,19
4200,42,5061,29
4201,42,13278,1
4202,42,54619,12
4203,42,39286,15
4204,42,17012,17
4205,42,41850,5
4206,42,21466,24
4207,42,41194,6
4208,42,31725,11
4209,42,15628,12
4210,42,46279,10
4211,42,13183,1
4212,42,10320,15
4213,42,10152,7
4214,42,47611,5
4215,42,19218,2
4216,42,6672,14
4217,42,40252,30
4218,42,45851,25
4219,42,17646,12
4220,42,12078,21
4221,42,9843,2
4222,42,51507,5
4223,42,45231,21
4224,42,57673,15
4225,42,26245,2
4226,42,51960,30
4227,42,11527,6
4228,42,19253,9
4229,42,31797,29
4230,42,12719,6
4231,42,9764,25
4232,42,15202,26
4233,42,17083,13
4234,42,13650,9
4235,42,17109,29
4236,42,31582,30
4237,42,47273,3
4238,42,56461,20
4239,42,16078,27
4240,42,10957,23
4241,42,55397,3
4242,42,49076,14
4243,42,27157,27
4244,42,59018,5
4245,42,2952,24
4246,42,2926,15
4247,42,12135,24
4248,42,24452,15
4249,42,57477,1
4250,42,13472,8
4251,42,25996,14
4252,42,46899,17
4253,42,43202,5
4254,42,6138,11
4255,42,58988,26
4256,42,47378,4
4257,42,55980,18
4258,42,34831,26
4259,42,17470,11
4260,42,22871,30
4261,42,26638,19
4262,42,55513,13
4263,42,38859,7
4264,42,36577,19
4265,42,45065,1
4266,42,52663,10
4267,42,50188,9
4268,42,17745,9
4269,42,44346,5
4270,42,15122,13
4271,42,24036,25
4272,42,9840,18
4273,42,53192,19
4274,42,1198,7
4275,42,52814,27
4276,42,26157,7
4277,42,43434,12
4278,42,33477,24
4279,42,20835,10
4280,42,39885,29
4281,42,48559,26
4282,42,33486,11
4283,42,56683,20
4284,42,43918,26
4285,42,38047,28
4286,42,43535,5
4287,42,58342,19
4288,42,5256,16
4289,42,4885,11
4290,42,1777,7
4291,42,32685,30
4292,42,17653,13
4293,42,609,17
4294,42,26868,3
4295,42,34357,2
4296,42,5361,19
4297,42,27095,30
4298,42,35952,3
4299,42,18076,23
4300,43,54936,3
4301,43,48761,3
4302,43,50742,14
4303,43,15553,15
4304,43,16328,8
4305,43,47961,14
4306,43,4418,23
4307,43,44648,21
4308,43,9430,6
4309,43,19527,11
4310,43,5469,22
4311,43,37653,18
4312,43,45275,16
4313,43,46594,11
4314,43,21672,24
4315,43,4001,24
4316,43,55378,9
4317,43,47813,3
4318,43,51764,16
4319,43,34167,17
4320,43,21231,23
4321,43,55983,6
4322,43,39611,3
4323,43,3044,14
4324,43,20109,6
4325,43,1972,30
4326,43,22380,26
4327,43,45533,30
4328,43,50718,8
4329,43,39724,3
4330,43,18543,8
4331,43,15873,18
4332,43,5351,25
4333,43,51050,13
4334,43,32246,1
4335,43,57079,4
4336,43,29882,6
4337,43,14580,26
4338,43,2998,4
4339,43,9510,30
4340,43,44637,19
4341,43,58597,15
4342,43,33119,29
4343,43,28729,27
4344,43,24512,15
4345,43,41572,19
4346,43,16920,29
4347,43,41558,11
4348,43,29439,18
4349,43,65,14
4350,43,18842,19
4351,43,6405,23
4352,43,48382,22
4353,43,32551,14
4354,43,9291,29
4355,43,23326,12
4356,43,12888,13
4357,43,51385,14
4358,43,4700,15
4359,43,23990,23
4360,43,58018,12
4361,43,26525,13
4362,43,465,12
4363,43,32196,15
4364,43,45296,2
4365,43,7348,11
4366,43,37063,21
4367,43,1253,30
4368,43,7078,29
4369,43,15566,29
4370,43,28961,12
4371,43,57917,19
4372,43,31739,15
4373,43,58120,22
4374,43,3227,13
4375,43,6363,11
4376,43,16783,14
4377,43,22274,22
4378,43,46988,13
4379,43,41325,16
4380,43,36755,10
4381,43,5763,1
4382,43,43688,14
4383,43,56882,10
4384,43,1152,18
4385,43,47646,29
4386,43,15621,1
4387,43,1371,25
4388,43,44858,22
4389,43,49099,7
4390,43,59119,25
4391,43,6849,18
4392,43,17296,18
4393,43,44365,20
4394,43,10867,26
4395,43,26495,18
4396,43,43721,17
4397,43,29961,2
4398,43,5182,30
4399,43,5182,23
4400,44,13010,3
4401,44,35518,13
4402,44,23745,30
4403,44,32518,17
4404,44,3150,11
4405,44,20028,26
4406,44,15432,23
4407,44,36913,8
4408,44,16834,28
4409,44,54349,8
4410,44,46848,9
4411,44,30628,28
4412,44,11244,9
4413,44,41796,18
4414,44,54779,16
4415,44,54130,26
4416,44,16122,6
4417,44,17732,11
4418,44,30356,20
4419,44,3115,25
4420,44,8598,5
4421,44,30655,22
4422,44,55769,23
4423,44,26719,1
4424,44,54887,15
4425,44,200,21
4426,44,20761,16
4427,44,15271,9
4428,44,28577,29
4429,44,57565,12
4430,44,58867,27
4431,44,8969,12
4432,44,43844,1
4433,44,1017,11
4434,44,30189,11
4435,44,25965,30
4436,44,15004,6
4437,44,55270,2
4438,44,41991,13
4439,44,49665,21
4440,44,54742,3
4441,44,54264,28
4442,44,29907,15
4443,44,32136,3
4444,44,56354,26
4445,44,43679,7
4446,44,4597,10
4447,44,48728,27
4448,44,52152,30
4449,44,58599,13
4450,44,28965,7
4451,44,56850,1
4452,44,54364,17
4453,44,25059,21
4454,44,52250,21
4455,44,27027,29
4456,44,50133,20
4457,44,16602,16
4458,44,57544,13
4459,44,7413,23
4460,44,23690,14
4461,44,48232,1
4462,44,22010,17
4463,44,59252,14
4464,44,31688,9
4465,44,26275,26
4466,44,7874,24
4467,44,11235,6
4468,44,15459,10
4469,44,54724,11
4470,44,55587,27
4471,44,51825,4
4472,44,53176,8
4473,44,38755,18
4474,44,4368,21
4475,44,37285,25
4476,44,22241,26
4477,44,49087,5
4478,44,32223,2
4479,44,32847,19
4480,44,35224,10
4481,44,3919,18
4482,44,1126,3
4483,44,49843,9
4484,44,50613,20
4485,44,2916,17
4486,44,32938,28
4487,44,51941,1
4488,44,44258,3
4489,44,59095,1
4490,44,12690,20
4491,44,45090,25
4492,44,45254,19
4493,44,9274,14
4494,44,48649,11
4495,44,29215,26
4496,44,52917,7
4497,44,38077,6
4498,44,58184,18
4499,44,3110,10
4500,45,27533,28
4501,45,57806,27
4502,45,21028,2
4503,45,12639,5
4504,45,7878,4
4505,45,21486,5
4506,45,7960,22
4507,45,412,16
4508,45,34726,12
4509,45,25054,14
4510,45,50761,23
4511,45,44174,12
4512,45,52913,15
4513,45,16260,3
4514,45,40110,28
4515,45,28848,12
4516,45,31349,11
4517,45,52253,27
4518,45,25858,19
4519,45,4878,5
4520,45,33694,18
4521,45,29865,1
4522,45,41793,1
4523,45,35269,20
4524,45,45415,8
4525,45,50256,23
4526,45,22946,26
4527,45,34147,10
4528,45,24747,22
4529,45,56459,9
4530,45,20712,9
4531,45,30064,5
4532,45,21014,28
4533,45,37148,18
4534,45,24064,28
4535,45,28435,4
4536,45,30085,16
4537,45,12648,3
4538,45,24510,4
4539,45,39446,1
4540,45,18709,28
4541,45,58751,1
4542,45,52726,8
4543,45,31698,26
4544,45,3975,22
4545,45,8954,18
4546,45,41397,15
4547,45,30522,15
4548,45,55951,21
4549,45,2966,20
4550,45,40754,8
4551,45,26632,24
4552,45,10750,25
4553,45,54249,23
4554,45,46276,28
4555,45,20704,1
4556,45,8911,2
4557,45,36974,16
4558,45,54530,27
4559,45,42113,6
4560,45,49637,16
4561,45,52965,18
4562,45,49076,13
4563,45,52862,10
4564,45,32984,15
4565,45,871,19
4566,45,26883,1
4567,45,36982,19
4568,45,43,4
4569,45,9349,4
4570,45,1365,6
4571,45,31120,18
4572,45,49760,14
4573,45,5852,10
4574,45,35073,19
4575,45,29142,18
4576,45,42068,29
4577,45,48221,6
4578,45,22904,28
4579,45,19286,21
4580,45,39135,29
4581,45,29024,15
4582,45,52152,12
4583,45,39371,18
4584,45,35776,18
4585,45,19935,16
4586,45,56399,19
4587,45,17,4
4588,45,2333,12
4589,45,6368,23
4590,45,36067,4
4591,45,39348,16
4592,45,34682,23
4593,45,4440,22
4594,45,22345,19
4595,45,36789,5
4596,45,49650,7
4597,45,29746,3
4598,45,44623,7
4599,45,48460,1
4600,46,23252,28
4601,46,31422,18
4602,46,26311,26
4603,46,53854,24
4604,46,15265,11
4605,46,17173,28
4606,46,17398,25
4607,46,1147,13
4608,46,50963,14
4609,46,37055,19
4610,46,44316,22
4611,46,22474,5
4612,46,41394,10
4613,46,57785,12
4614,46,40894,1
4615,46,35905,18
4616,46,21827,16
4617,46,51986,1
4618,46,11230,14
4619,46,15862,29
4620,46,52227,4
4621,46,45821,26
4622,46,32869,11
4623,46,15899,26
4624,46,32447,30
4625,46,23528,9
4626,46,5540,18
4627,46,24179,3
4628,46,43337,14
4629,46,58227,11
4630,46,6421,9
4631,46,54833,10
4632,46,53510,19
4633,46,19022,4
4634,46,56057,25
4635,46,51824,1
4636,46,23792,17
4637,46,19749,11
4638,46,55202,22
4639,46,27443,9
4640,46,22630,10
4641,46,11845,15
4642,46,5706,26
4643,46,26903,20
4644,46,19548,3
4645,46,16877,9
4646,46,1082,14
4647,46,32204,24
4648,46,15580,14
4649,46,22899,14
4650,46,27788,11
4651,46,39596,15
4652,46,46990,17
4653,46,54468,14
4654,46,44180,23
4655,46,58386,5
4656,46,3261,7
4657,46,7580,28
4658,46,57413,5
4659,46,22544,22
4660,46,35113,15
4661,46,44952,26
4662,46,19757,2
4663,46,26243,1
4664,46,41378,21
4665,46,1496,25
4666,46,27333,15
4667,46,55744,21
4668,46,8655,6
4669,46,6884,25
4670,46,51517,27
4671,46,2671,14
4672,46,56812,20
4673,46,41711,29
4674,46,21386,17
4675,46,26950,24
4676,46,19820,16
4677,46,44653,9
4678,46,7595,25
4679,46,27807,17
4680,46,7749,6
4681,46,43906,18
4682,46,15186,10
4683,46,45782,11
4684,46,29237,6
4685,46,24961,22
4686,46,9968,16
4687,46,36817,13
4688,46,30545,10
4689,46,55940,12
4690,46,40303,12
4691,46,23627,7
4692,46,47566,15
4693,46,56226,2
4694,46,29279,28
4695,46,57432,24
4696,46,11372,30
4697,46,439,3
4698,46,39802,26
4699,46,16773,16
4700,47,16954,24
4701,47,2477,11
4702,47,15995,3
4703,47,45886,17
4704,47,28732,18
4705,47,8919,6
4706,47,50676,27
4707,47,28611,3
4708,47,20179,11
4709,47,50572,24
4710,47,11833,16
4711,47,41416,17
4712,47,5957,7
4713,47,13186,17
4714,47,41153,27
4715,47,52957,29
4716,47,53613,22
4717,47,32342,5
4718,47,15620,26
4719,47,20630,2
4720,47,33454,4
4721,47,5516,5
4722,47,41222,28
4723,47,38030,11
4724,47,23984,19
4725,47,34513,23
4726,47,32884,16
4727,47,36928,11
4728,47,28754,14
4729,47,45396,19
4730,47,2459,25
4731,47,28823,7
4732,47,12007,23
4733,47,11286,15
4734,47,27293,9
4735,47,26246,10
4736,47,57182,7
4737,47,24059,23
4738,47,58736,18
4739,47,33954,4
4740,47,12047,4
4741,47,55644,16
4742,47,892,12
4743,47,40625,14
4744,47,40428,27
4745,47,15883,13
4746,47,29393,29
4747,47,53717,9
4748,47,37089,30
4749,47,23990,21
4750,47,52124,25
4751,47,15414,11
4752,47,14501,21
4753,47,10324,16
4754,47,29871,1
4755,47,50399,8
4756,47,50737,4
4757,47,40364,13
4758,47,23959,25
4759,47,23872,7
4760,47,43846,26
4761,47,54376,15
4762,47,43274,15
4763,47,34772,24
4764,47,25015,16
4765,47,37762,24
4766,47,36588,19
4767,47,8419,23
4768,47,21493,19
4769,47,6087,8
4770,47,28196,4
4771,47,26887,24
4772,47,13237,23
4773,47,9911,16
4774,47,58153,15
4775,47,2656,5
4776,47,50792,7
4777,47,57588,9
4778,47,33862,16
4779,47,45029,20
4780,47,48197,16
4781,47,17930,6
4782,47,32330,4
4783,47,51378,20
4784,47,34422,26
4785,47,43077,8
4786,47,25586,20
4787,47,38976,15
4788,47,50131,7
4789,47,33999,4
4790,47,55296,29
4791,47,38168,28
4792,47,26964,13
4793,47,48975,30
4794,47,48778,15
4795,47,20156,18
4796,47,55955,9
4797,47,43242,1
4798,47,7679,24
4799,47,44835,8
4800,48,40895,14
4801,48,33752,13
4802,48,38189,16
4803,48,27232,16
4804,48,1280,29
4805,48,3942,30
4806,48,13785,25
4807,48,9584,23
4808,48,39287,8
4809,48,17261,6
4810,48,50617,11
4811,48,24329,30
4812,48,29236,21
4813,48,57314,21
4814,48,8852,17
4815,48,18425,4
4816,48,20154,11
4817,48,9467,3
4818,48,56694,4
4819,48,34214,30
4820,48,39578,11
4821,48,23467,18
4822,48,3132,12
4823,48,43746,7
4824,48,29189,24
4825,48,8708,5
4826,48,57657,8
4827,48,48158,2
4828,48,31257,16
4829,48,58676,5
4830,48,28425,16
4831,48,8069,1
4832,48,27391,17
4833,48,4265,17
4834,48,22746,8
4835,48,28281,28
4836,48,34359,5
4837,48,39920,11
4838,48,51945,5
4839,48,39569,23
4840,48,21897,18
4841,48,8729,6
4842,48,10674,19
4843,48,16896,18
4844,48,52038,30
4845,48,26869,20
4846,48,7326,27
4847,48,1139,9
4848,48,16807,29
4849,48,25326,8
4850,48,309,17
4851,48,10316,23
4852,48,51567,1
4853,48,10716,15
4854,48,2844,26
4855,48,9773,20
4856,48,39932,12
4857,48,40500,29
4858,48,34327,29
4859,48,16824,1
4860,48,23390,11
4861,48,19756,11
4862,48,8639,19
4863,48,57776,7
4864,48,4642,30
4865,48,412,3
4866,48,14766,21
4867,48,27985,30
4868,48,29209,15
4869,48,41117,1
4870,48,46633,21
4871,48,8138,6
4872,48,35527,13
4873,48,58287,20
4874,48,47811,17
4875,48,28507,25
4876,48,46577,20
4877,48,25666,19
4878,48,30363,7
4879,48,39999,20
4880,48,15620,29
4881,48,37228,4
4882,48,20450,25
4883,48,57831,25
4884,48,57738,4
4885,48,4389,28
4886,48,32293,6
4887,48,20383,11
4888,48,2663,25
4889,48,55394,26
4890,48,45054,11
4891,48,56278,23
4892,48,28656,6
4893,48,6278,25
4894,48,14546,29
4895,48,26648,8
4896,48,30230,7
4897,48,10381,19
4898,48,44721,11
4899,48,11240,23
4900,49,55687,25
4901,49,56933,6
4902,49,1808,25
4903,49,51415,25
4904,49,12671,10
4905,49,10955,23
4906,49,52330,8
4907,49,38291,26
4908,49,22662,17
4909,49,48552,20
4910,49,49515,25
4911,49,37076,26
4912,49,26748,13
4913,49,44579,26
4914,49,12051,19
4915,49,54055,28
4916,49,51914,4
4917,49,7743,14
4918,49,19559,27
4919,49,16412,24
4920,49,316,2
4921,49,57293,21
4922,49,34748,24
4923,49,27759,13
4924,49,12909,22
4925,49,2976,12
4926,49,39830,26
4927,49,43712,16
4928,49,59071,15
4929,49,59102,14
4930,49,43686,22
4931,49,45553,10
4932,49,37223,21
4933,49,23487,28
4934,49,58069,2
4935,49,44048,2
4936,49,11504,22
4937,49,59408,9
4938,49,35582,1
4939,49,5918,17
4940,49,30803,28
4941,49,23281,27
4942,49,33233,25
4943,49,15571,19
4944,49,4452,13
4945,49,79,25
4946,49,56018,20
4947,49,10657,28
4948,49,27624,5
4949,49,24369,25
4950,49,47183,15
4951,49,36092,3
4952,49,43750,11
4953,49,24577,8
4954,49,56800,21
4955,49,1659,13
4956,49,38204,5
4957,49,20400,7
4958,49,21422,27
4959,49,12211,18
4960,49,36664,22
4961,49,7844,13
4962,49,22740,23
4963,49,44899,13
4964,49,56972,29
4965,49,2304,2
4966,49,34511,1
4967,49,17793,1
4968,49,48955,2
4969,49,12183,25
4970,49,24798,3
4971,49,52236,21
4972,49,22689,26
4973,49,7604,16
4974,49,5392,13
4975,49,13808,25
4976,49,39968,15
4977,49,51366,25
4978,49,5066,4
4979,49,38959,21
4980,49,17050,29
4981,49,35496,9
4982,49,15274,8
4983,49,46132,6
4984,49,45014,16
4985,49,34615,12
4986,49,50212,4
4987,49,56414,14
4988,49,26698,4
4989,49,48501,10
4990,49,42779,11
4991,49,983,14
4992,49,12677,21
4993,49,23083,18
4994,49,36220,20
4995,49,26740,3
4996,49,51640,17
4997,49,35709,22
4998,49,42267,11
4999,49,23167,2
